Seder,Masechet,Perek,Mishna,Title,Teacher,Duration
Zeraim,Berachot,1,1,,,
Zeraim,Berachot,1,2,,,
Zeraim,Berachot,1,3,,,
Zeraim,Berachot,1,4,,,
Zeraim,Berachot,1,5,,,
Zeraim,Berachot,2,1,,,
Zeraim,Berachot,2,2,,,
Zeraim,Berachot,2,3,,,
Zeraim,Berachot,2,4,,,
Zeraim,Berachot,2,5,,,
Zeraim,Berachot,2,6,,,
Zeraim,Berachot,2,7,,,
Zeraim,Berachot,2,8,,,
Zeraim,Berachot,3,1,,,
Zeraim,Berachot,3,2,,,
Zeraim,Berachot,3,3,,,
Zeraim,Berachot,3,4,,,
Zeraim,Berachot,3,5,,,
Zeraim,Berachot,3,6,,,
Zeraim,Berachot,4,1,,,
Zeraim,Berachot,4,2,,,
Zeraim,Berachot,4,3,,,
Zeraim,Berachot,4,4,,,
Zeraim,Berachot,4,5,,,
Zeraim,Berachot,4,6,,,
Zeraim,Berachot,4,7,,,
Zeraim,Berachot,5,1,,,
Zeraim,Berachot,5,2,,,
Zeraim,Berachot,5,3,,,
Zeraim,Berachot,5,4,,,
Zeraim,Berachot,5,5,,,
Zeraim,Berachot,6,1,,,
Zeraim,Berachot,6,2,,,
Zeraim,Berachot,6,3,,,
Zeraim,Berachot,6,4,,,
Zeraim,Berachot,6,5,,,
Zeraim,Berachot,6,6,,,
Zeraim,Berachot,6,7,,,
Zeraim,Berachot,6,8,,,
Zeraim,Berachot,7,1,,,
Zeraim,Berachot,7,2,,,
Zeraim,Berachot,7,3,,,
Zeraim,Berachot,7,4,,,
Zeraim,Berachot,7,5,,,
Zeraim,Berachot,8,1,,,
Zeraim,Berachot,8,2,,,
Zeraim,Berachot,8,3,,,
Zeraim,Berachot,8,4,,,
Zeraim,Berachot,8,5,,,
Zeraim,Berachot,8,6,,,
Zeraim,Berachot,8,7,,,
Zeraim,Berachot,8,8,,,
Zeraim,Berachot,9,1,,,
Zeraim,Berachot,9,2,,,
Zeraim,Berachot,9,3,,,
Zeraim,Berachot,9,4,,,
Zeraim,Berachot,9,5,,,
Zeraim,Peah,1,1,,,
Zeraim,Peah,1,2,,,
Zeraim,Peah,1,3,,,
Zeraim,Peah,1,4,,,
Zeraim,Peah,1,5,,,
Zeraim,Peah,1,6,,,
Zeraim,Peah,2,1,,,
Zeraim,Peah,2,2,,,
Zeraim,Peah,2,3,,,
Zeraim,Peah,2,4,,,
Zeraim,Peah,2,5,,,
Zeraim,Peah,2,6,,,
Zeraim,Peah,2,7,,,
Zeraim,Peah,2,8,,,
Zeraim,Peah,3,1,,,
Zeraim,Peah,3,2,,,
Zeraim,Peah,3,3,,,
Zeraim,Peah,3,4,,,
Zeraim,Peah,3,5,,,
Zeraim,Peah,3,6,,,
Zeraim,Peah,3,7,,,
Zeraim,Peah,3,8,,,
Zeraim,Peah,4,1,,,
Zeraim,Peah,4,2,,,
Zeraim,Peah,4,3,,,
Zeraim,Peah,4,4,,,
Zeraim,Peah,4,5,,,
Zeraim,Peah,4,6,,,
Zeraim,Peah,4,7,,,
Zeraim,Peah,4,8,,,
Zeraim,Peah,4,9,,,
Zeraim,Peah,4,10,,,
Zeraim,Peah,4,11,,,
Zeraim,Peah,5,1,,,
Zeraim,Peah,5,2,,,
Zeraim,Peah,5,3,,,
Zeraim,Peah,5,4,,,
Zeraim,Peah,5,5,,,
Zeraim,Peah,5,6,,,
Zeraim,Peah,5,7,,,
Zeraim,Peah,5,8,,,
Zeraim,Peah,6,1,,,
Zeraim,Peah,6,2,,,
Zeraim,Peah,6,3,,,
Zeraim,Peah,6,4,,,
Zeraim,Peah,6,5,,,
Zeraim,Peah,6,6,,,
Zeraim,Peah,6,7,,,
Zeraim,Peah,6,8,,,
Zeraim,Peah,6,9,,,
Zeraim,Peah,6,10,,,
Zeraim,Peah,6,11,,,
Zeraim,Peah,7,1,,,
Zeraim,Peah,7,2,,,
Zeraim,Peah,7,3,,,
Zeraim,Peah,7,4,,,
Zeraim,Peah,7,5,,,
Zeraim,Peah,7,6,,,
Zeraim,Peah,7,7,,,
Zeraim,Peah,7,8,,,
Zeraim,Peah,8,1,,,
Zeraim,Peah,8,2,,,
Zeraim,Peah,8,3,,,
Zeraim,Peah,8,4,,,
Zeraim,Peah,8,5,,,
Zeraim,Peah,8,6,,,
Zeraim,Peah,8,7,,,
Zeraim,Peah,8,8,,,
Zeraim,Peah,8,9,,,
Zeraim,Demai,1,1,,,
Zeraim,Demai,1,2,,,
Zeraim,Demai,1,3,,,
Zeraim,Demai,1,4,,,
Zeraim,Demai,2,1,,,
Zeraim,Demai,2,2,,,
Zeraim,Demai,2,3,,,
Zeraim,Demai,2,4,,,
Zeraim,Demai,2,5,,,
Zeraim,Demai,3,1,,,
Zeraim,Demai,3,2,,,
Zeraim,Demai,3,3,,,
Zeraim,Demai,3,4,,,
Zeraim,Demai,3,5,,,
Zeraim,Demai,3,6,,,
Zeraim,Demai,4,1,,,
Zeraim,Demai,4,2,,,
Zeraim,Demai,4,3,,,
Zeraim,Demai,4,4,,,
Zeraim,Demai,4,5,,,
Zeraim,Demai,4,6,,,
Zeraim,Demai,4,7,,,
Zeraim,Demai,5,1,,,
Zeraim,Demai,5,2,,,
Zeraim,Demai,5,3,,,
Zeraim,Demai,5,4,,,
Zeraim,Demai,5,5,,,
Zeraim,Demai,5,6,,,
Zeraim,Demai,5,7,,,
Zeraim,Demai,5,8,,,
Zeraim,Demai,5,9,,,
Zeraim,Demai,5,10,,,
Zeraim,Demai,5,11,,,
Zeraim,Demai,6,1,,,
Zeraim,Demai,6,2,,,
Zeraim,Demai,6,3,,,
Zeraim,Demai,6,4,,,
Zeraim,Demai,6,5,,,
Zeraim,Demai,6,6,,,
Zeraim,Demai,6,7,,,
Zeraim,Demai,6,8,,,
Zeraim,Demai,6,9,,,
Zeraim,Demai,6,10,,,
Zeraim,Demai,6,11,,,
Zeraim,Demai,6,12,,,
Zeraim,Demai,7,1,,,
Zeraim,Demai,7,2,,,
Zeraim,Demai,7,3,,,
Zeraim,Demai,7,4,,,
Zeraim,Demai,7,5,,,
Zeraim,Demai,7,6,,,
Zeraim,Demai,7,7,,,
Zeraim,Demai,7,8,,,
Zeraim,Kilayim,1,1,,,
Zeraim,Kilayim,1,2,,,
Zeraim,Kilayim,1,3,,,
Zeraim,Kilayim,1,4,,,
Zeraim,Kilayim,1,5,,,
Zeraim,Kilayim,1,6,,,
Zeraim,Kilayim,1,7,,,
Zeraim,Kilayim,1,8,,,
Zeraim,Kilayim,1,9,,,
Zeraim,Kilayim,2,1,,,
Zeraim,Kilayim,2,2,,,
Zeraim,Kilayim,2,3,,,
Zeraim,Kilayim,2,4,,,
Zeraim,Kilayim,2,5,,,
Zeraim,Kilayim,2,6,,,
Zeraim,Kilayim,2,7,,,
Zeraim,Kilayim,2,8,,,
Zeraim,Kilayim,2,9,,,
Zeraim,Kilayim,2,10,,,
Zeraim,Kilayim,2,11,,,
Zeraim,Kilayim,3,1,,,
Zeraim,Kilayim,3,2,,,
Zeraim,Kilayim,3,3,,,
Zeraim,Kilayim,3,4,,,
Zeraim,Kilayim,3,5,,,
Zeraim,Kilayim,3,6,,,
Zeraim,Kilayim,3,7,,,
Zeraim,Kilayim,4,1,,,
Zeraim,Kilayim,4,2,,,
Zeraim,Kilayim,4,3,,,
Zeraim,Kilayim,4,4,,,
Zeraim,Kilayim,4,5,,,
Zeraim,Kilayim,4,6,,,
Zeraim,Kilayim,4,7,,,
Zeraim,Kilayim,4,8,,,
Zeraim,Kilayim,4,9,,,
Zeraim,Kilayim,5,1,,,
Zeraim,Kilayim,5,2,,,
Zeraim,Kilayim,5,3,,,
Zeraim,Kilayim,5,4,,,
Zeraim,Kilayim,5,5,,,
Zeraim,Kilayim,5,6,,,
Zeraim,Kilayim,5,7,,,
Zeraim,Kilayim,5,8,,,
Zeraim,Kilayim,6,1,,,
Zeraim,Kilayim,6,2,,,
Zeraim,Kilayim,6,3,,,
Zeraim,Kilayim,6,4,,,
Zeraim,Kilayim,6,5,,,
Zeraim,Kilayim,6,6,,,
Zeraim,Kilayim,6,7,,,
Zeraim,Kilayim,6,8,,,
Zeraim,Kilayim,6,9,,,
Zeraim,Kilayim,7,1,,,
Zeraim,Kilayim,7,2,,,
Zeraim,Kilayim,7,3,,,
Zeraim,Kilayim,7,4,,,
Zeraim,Kilayim,7,5,,,
Zeraim,Kilayim,7,6,,,
Zeraim,Kilayim,7,7,,,
Zeraim,Kilayim,7,8,,,
Zeraim,Kilayim,8,1,,,
Zeraim,Kilayim,8,2,,,
Zeraim,Kilayim,8,3,,,
Zeraim,Kilayim,8,4,,,
Zeraim,Kilayim,8,5,,,
Zeraim,Kilayim,8,6,,,
Zeraim,Kilayim,9,1,,,
Zeraim,Kilayim,9,2,,,
Zeraim,Kilayim,9,3,,,
Zeraim,Kilayim,9,4,,,
Zeraim,Kilayim,9,5,,,
Zeraim,Kilayim,9,6,,,
Zeraim,Kilayim,9,7,,,
Zeraim,Kilayim,9,8,,,
Zeraim,Kilayim,9,9,,,
Zeraim,Kilayim,9,10,,,
Zeraim,Sheviit,1,1,,,
Zeraim,Sheviit,1,2,,,
Zeraim,Sheviit,1,3,,,
Zeraim,Sheviit,1,4,,,
Zeraim,Sheviit,1,5,,,
Zeraim,Sheviit,1,6,,,
Zeraim,Sheviit,1,7,,,
Zeraim,Sheviit,1,8,,,
Zeraim,Sheviit,2,1,,,
Zeraim,Sheviit,2,2,,,
Zeraim,Sheviit,2,3,,,
Zeraim,Sheviit,2,4,,,
Zeraim,Sheviit,2,5,,,
Zeraim,Sheviit,2,6,,,
Zeraim,Sheviit,2,7,,,
Zeraim,Sheviit,2,8,,,
Zeraim,Sheviit,2,9,,,
Zeraim,Sheviit,2,10,,,
Zeraim,Sheviit,3,1,,,
Zeraim,Sheviit,3,2,,,
Zeraim,Sheviit,3,3,,,
Zeraim,Sheviit,3,4,,,
Zeraim,Sheviit,3,5,,,
Zeraim,Sheviit,3,6,,,
Zeraim,Sheviit,3,7,,,
Zeraim,Sheviit,3,8,,,
Zeraim,Sheviit,3,9,,,
Zeraim,Sheviit,3,10,,,
Zeraim,Sheviit,4,1,,,
Zeraim,Sheviit,4,2,,,
Zeraim,Sheviit,4,3,,,
Zeraim,Sheviit,4,4,,,
Zeraim,Sheviit,4,5,,,
Zeraim,Sheviit,4,6,,,
Zeraim,Sheviit,4,7,,,
Zeraim,Sheviit,4,8,,,
Zeraim,Sheviit,4,9,,,
Zeraim,Sheviit,4,10,,,
Zeraim,Sheviit,5,1,,,
Zeraim,Sheviit,5,2,,,
Zeraim,Sheviit,5,3,,,
Zeraim,Sheviit,5,4,,,
Zeraim,Sheviit,5,5,,,
Zeraim,Sheviit,5,6,,,
Zeraim,Sheviit,5,7,,,
Zeraim,Sheviit,5,8,,,
Zeraim,Sheviit,5,9,,,
Zeraim,Sheviit,6,1,,,
Zeraim,Sheviit,6,2,,,
Zeraim,Sheviit,6,3,,,
Zeraim,Sheviit,6,4,,,
Zeraim,Sheviit,6,5,,,
Zeraim,Sheviit,6,6,,,
Zeraim,Sheviit,7,1,,,
Zeraim,Sheviit,7,2,,,
Zeraim,Sheviit,7,3,,,
Zeraim,Sheviit,7,4,,,
Zeraim,Sheviit,7,5,,,
Zeraim,Sheviit,7,6,,,
Zeraim,Sheviit,7,7,,,
Zeraim,Sheviit,8,1,,,
Zeraim,Sheviit,8,2,,,
Zeraim,Sheviit,8,3,,,
Zeraim,Sheviit,8,4,,,
Zeraim,Sheviit,8,5,,,
Zeraim,Sheviit,8,6,,,
Zeraim,Sheviit,8,7,,,
Zeraim,Sheviit,8,8,,,
Zeraim,Sheviit,8,9,,,
Zeraim,Sheviit,8,10,,,
Zeraim,Sheviit,8,11,,,
Zeraim,Sheviit,9,1,,,
Zeraim,Sheviit,9,2,,,
Zeraim,Sheviit,9,3,,,
Zeraim,Sheviit,9,4,,,
Zeraim,Sheviit,9,5,,,
Zeraim,Sheviit,9,6,,,
Zeraim,Sheviit,9,7,,,
Zeraim,Sheviit,9,8,,,
Zeraim,Sheviit,9,9,,,
Zeraim,Sheviit,10,1,,,
Zeraim,Sheviit,10,2,,,
Zeraim,Sheviit,10,3,,,
Zeraim,Sheviit,10,4,,,
Zeraim,Sheviit,10,5,,,
Zeraim,Sheviit,10,6,,,
Zeraim,Sheviit,10,7,,,
Zeraim,Sheviit,10,8,,,
Zeraim,Sheviit,10,9,,,
Zeraim,Terumot,1,1,,,
Zeraim,Terumot,1,2,,,
Zeraim,Terumot,1,3,,,
Zeraim,Terumot,1,4,,,
Zeraim,Terumot,1,5,,,
Zeraim,Terumot,1,6,,,
Zeraim,Terumot,1,7,,,
Zeraim,Terumot,1,8,,,
Zeraim,Terumot,1,9,,,
Zeraim,Terumot,1,10,,,
Zeraim,Terumot,2,1,,,
Zeraim,Terumot,2,2,,,
Zeraim,Terumot,2,3,,,
Zeraim,Terumot,2,4,,,
Zeraim,Terumot,2,5,,,
Zeraim,Terumot,2,6,,,
Zeraim,Terumot,3,1,,,
Zeraim,Terumot,3,2,,,
Zeraim,Terumot,3,3,,,
Zeraim,Terumot,3,4,,,
Zeraim,Terumot,3,5,,,
Zeraim,Terumot,3,6,,,
Zeraim,Terumot,3,7,,,
Zeraim,Terumot,3,8,,,
Zeraim,Terumot,3,9,,,
Zeraim,Terumot,4,1,,,
Zeraim,Terumot,4,2,,,
Zeraim,Terumot,4,3,,,
Zeraim,Terumot,4,4,,,
Zeraim,Terumot,4,5,,,
Zeraim,Terumot,4,6,,,
Zeraim,Terumot,4,7,,,
Zeraim,Terumot,4,8,,,
Zeraim,Terumot,4,9,,,
Zeraim,Terumot,4,10,,,
Zeraim,Terumot,4,11,,,
Zeraim,Terumot,4,12,,,
Zeraim,Terumot,4,13,,,
Zeraim,Terumot,5,1,,,
Zeraim,Terumot,5,2,,,
Zeraim,Terumot,5,3,,,
Zeraim,Terumot,5,4,,,
Zeraim,Terumot,5,5,,,
Zeraim,Terumot,5,6,,,
Zeraim,Terumot,5,7,,,
Zeraim,Terumot,5,8,,,
Zeraim,Terumot,5,9,,,
Zeraim,Terumot,6,1,,,
Zeraim,Terumot,6,2,,,
Zeraim,Terumot,6,3,,,
Zeraim,Terumot,6,4,,,
Zeraim,Terumot,6,5,,,
Zeraim,Terumot,6,6,,,
Zeraim,Terumot,7,1,,,
Zeraim,Terumot,7,2,,,
Zeraim,Terumot,7,3,,,
Zeraim,Terumot,7,4,,,
Zeraim,Terumot,7,5,,,
Zeraim,Terumot,7,6,,,
Zeraim,Terumot,7,7,,,
Zeraim,Terumot,8,1,,,
Zeraim,Terumot,8,2,,,
Zeraim,Terumot,8,3,,,
Zeraim,Terumot,8,4,,,
Zeraim,Terumot,8,5,,,
Zeraim,Terumot,8,6,,,
Zeraim,Terumot,8,7,,,
Zeraim,Terumot,8,8,,,
Zeraim,Terumot,8,9,,,
Zeraim,Terumot,8,10,,,
Zeraim,Terumot,8,11,,,
Zeraim,Terumot,8,12,,,
Zeraim,Terumot,9,1,,,
Zeraim,Terumot,9,2,,,
Zeraim,Terumot,9,3,,,
Zeraim,Terumot,9,4,,,
Zeraim,Terumot,9,5,,,
Zeraim,Terumot,9,6,,,
Zeraim,Terumot,9,7,,,
Zeraim,Terumot,10,1,,,
Zeraim,Terumot,10,2,,,
Zeraim,Terumot,10,3,,,
Zeraim,Terumot,10,4,,,
Zeraim,Terumot,10,5,,,
Zeraim,Terumot,10,6,,,
Zeraim,Terumot,10,7,,,
Zeraim,Terumot,10,8,,,
Zeraim,Terumot,10,9,,,
Zeraim,Terumot,10,10,,,
Zeraim,Terumot,10,11,,,
Zeraim,Terumot,10,12,,,
Zeraim,Terumot,11,1,,,
Zeraim,Terumot,11,2,,,
Zeraim,Terumot,11,3,,,
Zeraim,Terumot,11,4,,,
Zeraim,Terumot,11,5,,,
Zeraim,Terumot,11,6,,,
Zeraim,Terumot,11,7,,,
Zeraim,Terumot,11,8,,,
Zeraim,Terumot,11,9,,,
Zeraim,Terumot,11,10,,,
Zeraim,Maasrot,1,1,,,
Zeraim,Maasrot,1,2,,,
Zeraim,Maasrot,1,3,,,
Zeraim,Maasrot,1,4,,,
Zeraim,Maasrot,1,5,,,
Zeraim,Maasrot,1,6,,,
Zeraim,Maasrot,1,7,,,
Zeraim,Maasrot,1,8,,,
Zeraim,Maasrot,2,1,,,
Zeraim,Maasrot,2,2,,,
Zeraim,Maasrot,2,3,,,
Zeraim,Maasrot,2,4,,,
Zeraim,Maasrot,2,5,,,
Zeraim,Maasrot,2,6,,,
Zeraim,Maasrot,2,7,,,
Zeraim,Maasrot,2,8,,,
Zeraim,Maasrot,3,1,,,
Zeraim,Maasrot,3,2,,,
Zeraim,Maasrot,3,3,,,
Zeraim,Maasrot,3,4,,,
Zeraim,Maasrot,3,5,,,
Zeraim,Maasrot,3,6,,,
Zeraim,Maasrot,3,7,,,
Zeraim,Maasrot,3,8,,,
Zeraim,Maasrot,3,9,,,
Zeraim,Maasrot,3,10,,,
Zeraim,Maasrot,4,1,,,
Zeraim,Maasrot,4,2,,,
Zeraim,Maasrot,4,3,,,
Zeraim,Maasrot,4,4,,,
Zeraim,Maasrot,4,5,,,
Zeraim,Maasrot,4,6,,,
Zeraim,Maasrot,5,1,,,
Zeraim,Maasrot,5,2,,,
Zeraim,Maasrot,5,3,,,
Zeraim,Maasrot,5,4,,,
Zeraim,Maasrot,5,5,,,
Zeraim,Maasrot,5,6,,,
Zeraim,Maasrot,5,7,,,
Zeraim,Maasrot,5,8,,,
Zeraim,Maaser Sheni,1,1,,,
Zeraim,Maaser Sheni,1,2,,,
Zeraim,Maaser Sheni,1,3,,,
Zeraim,Maaser Sheni,1,4,,,
Zeraim,Maaser Sheni,1,5,,,
Zeraim,Maaser Sheni,1,6,,,
Zeraim,Maaser Sheni,1,7,,,
Zeraim,Maaser Sheni,2,1,,,
Zeraim,Maaser Sheni,2,2,,,
Zeraim,Maaser Sheni,2,3,,,
Zeraim,Maaser Sheni,2,4,,,
Zeraim,Maaser Sheni,2,5,,,
Zeraim,Maaser Sheni,2,6,,,
Zeraim,Maaser Sheni,2,7,,,
Zeraim,Maaser Sheni,2,8,,,
Zeraim,Maaser Sheni,2,9,,,
Zeraim,Maaser Sheni,2,10,,,
Zeraim,Maaser Sheni,3,1,,,
Zeraim,Maaser Sheni,3,2,,,
Zeraim,Maaser Sheni,3,3,,,
Zeraim,Maaser Sheni,3,4,,,
Zeraim,Maaser Sheni,3,5,,,
Zeraim,Maaser Sheni,3,6,,,
Zeraim,Maaser Sheni,3,7,,,
Zeraim,Maaser Sheni,3,8,,,
Zeraim,Maaser Sheni,3,9,,,
Zeraim,Maaser Sheni,3,10,,,
Zeraim,Maaser Sheni,3,11,,,
Zeraim,Maaser Sheni,3,12,,,
Zeraim,Maaser Sheni,3,13,,,
Zeraim,Maaser Sheni,4,1,,,
Zeraim,Maaser Sheni,4,2,,,
Zeraim,Maaser Sheni,4,3,,,
Zeraim,Maaser Sheni,4,4,,,
Zeraim,Maaser Sheni,4,5,,,
Zeraim,Maaser Sheni,4,6,,,
Zeraim,Maaser Sheni,4,7,,,
Zeraim,Maaser Sheni,4,8,,,
Zeraim,Maaser Sheni,4,9,,,
Zeraim,Maaser Sheni,4,10,,,
Zeraim,Maaser Sheni,4,11,,,
Zeraim,Maaser Sheni,4,12,,,
Zeraim,Maaser Sheni,5,1,,,
Zeraim,Maaser Sheni,5,2,,,
Zeraim,Maaser Sheni,5,3,,,
Zeraim,Maaser Sheni,5,4,,,
Zeraim,Maaser Sheni,5,5,,,
Zeraim,Maaser Sheni,5,6,,,
Zeraim,Maaser Sheni,5,7,,,
Zeraim,Maaser Sheni,5,8,,,
Zeraim,Maaser Sheni,5,9,,,
Zeraim,Maaser Sheni,5,10,,,
Zeraim,Maaser Sheni,5,11,,,
Zeraim,Maaser Sheni,5,12,,,
Zeraim,Maaser Sheni,5,13,,,
Zeraim,Maaser Sheni,5,14,,,
Zeraim,Maaser Sheni,5,15,,,
Zeraim,Halla,1,1,,,
Zeraim,Halla,1,2,,,
Zeraim,Halla,1,3,,,
Zeraim,Halla,1,4,,,
Zeraim,Halla,1,5,,,
Zeraim,Halla,1,6,,,
Zeraim,Halla,1,7,,,
Zeraim,Halla,1,8,,,
Zeraim,Halla,1,9,,,
Zeraim,Halla,2,1,,,
Zeraim,Halla,2,2,,,
Zeraim,Halla,2,3,,,
Zeraim,Halla,2,4,,,
Zeraim,Halla,2,5,,,
Zeraim,Halla,2,6,,,
Zeraim,Halla,2,7,,,
Zeraim,Halla,2,8,,,
Zeraim,Halla,3,1,,,
Zeraim,Halla,3,2,,,
Zeraim,Halla,3,3,,,
Zeraim,Halla,3,4,,,
Zeraim,Halla,3,5,,,
Zeraim,Halla,3,6,,,
Zeraim,Halla,3,7,,,
Zeraim,Halla,3,8,,,
Zeraim,Halla,3,9,,,
Zeraim,Halla,3,10,,,
Zeraim,Halla,4,1,,,
Zeraim,Halla,4,2,,,
Zeraim,Halla,4,3,,,
Zeraim,Halla,4,4,,,
Zeraim,Halla,4,5,,,
Zeraim,Halla,4,6,,,
Zeraim,Halla,4,7,,,
Zeraim,Halla,4,8,,,
Zeraim,Halla,4,9,,,
Zeraim,Halla,4,10,,,
Zeraim,Halla,4,11,,,
Zeraim,Orla,1,1,,,
Zeraim,Orla,1,2,,,
Zeraim,Orla,1,3,,,
Zeraim,Orla,1,4,,,
Zeraim,Orla,1,5,,,
Zeraim,Orla,1,6,,,
Zeraim,Orla,1,7,,,
Zeraim,Orla,1,8,,,
Zeraim,Orla,1,9,,,
Zeraim,Orla,2,1,,,
Zeraim,Orla,2,2,,,
Zeraim,Orla,2,3,,,
Zeraim,Orla,2,4,,,
Zeraim,Orla,2,5,,,
Zeraim,Orla,2,6,,,
Zeraim,Orla,2,7,,,
Zeraim,Orla,2,8,,,
Zeraim,Orla,2,9,,,
Zeraim,Orla,2,10,,,
Zeraim,Orla,2,11,,,
Zeraim,Orla,2,12,,,
Zeraim,Orla,2,13,,,
Zeraim,Orla,2,14,,,
Zeraim,Orla,2,15,,,
Zeraim,Orla,2,16,,,
Zeraim,Orla,2,17,,,
Zeraim,Orla,3,1,,,
Zeraim,Orla,3,2,,,
Zeraim,Orla,3,3,,,
Zeraim,Orla,3,4,,,
Zeraim,Orla,3,5,,,
Zeraim,Orla,3,6,,,
Zeraim,Orla,3,7,,,
Zeraim,Orla,3,8,,,
Zeraim,Orla,3,9,,,
Zeraim,Bikurim,1,1,,,
Zeraim,Bikurim,1,2,,,
Zeraim,Bikurim,1,3,,,
Zeraim,Bikurim,1,4,,,
Zeraim,Bikurim,1,5,,,
Zeraim,Bikurim,1,6,,,
Zeraim,Bikurim,1,7,,,
Zeraim,Bikurim,1,8,,,
Zeraim,Bikurim,1,9,,,
Zeraim,Bikurim,1,10,,,
Zeraim,Bikurim,1,11,,,
Zeraim,Bikurim,2,1,,,
Zeraim,Bikurim,2,2,,,
Zeraim,Bikurim,2,3,,,
Zeraim,Bikurim,2,4,,,
Zeraim,Bikurim,2,5,,,
Zeraim,Bikurim,2,6,,,
Zeraim,Bikurim,2,7,,,
Zeraim,Bikurim,2,8,,,
Zeraim,Bikurim,2,9,,,
Zeraim,Bikurim,2,10,,,
Zeraim,Bikurim,2,11,,,
Zeraim,Bikurim,3,1,,,
Zeraim,Bikurim,3,2,,,
Zeraim,Bikurim,3,3,,,
Zeraim,Bikurim,3,4,,,
Zeraim,Bikurim,3,5,,,
Zeraim,Bikurim,3,6,,,
Zeraim,Bikurim,3,7,,,
Zeraim,Bikurim,3,8,,,
Zeraim,Bikurim,3,9,,,
Zeraim,Bikurim,3,10,,,
Zeraim,Bikurim,3,11,,,
Zeraim,Bikurim,3,12,,,
Zeraim,Bikurim,4,1,,,
Zeraim,Bikurim,4,2,,,
Zeraim,Bikurim,4,3,,,
Zeraim,Bikurim,4,4,,,
Zeraim,Bikurim,4,5,,,
Moed,Shabbat,1,1,,,
Moed,Shabbat,1,2,,,
Moed,Shabbat,1,3,,,
Moed,Shabbat,1,4,,,
Moed,Shabbat,1,5,,,
Moed,Shabbat,1,6,,,
Moed,Shabbat,1,7,,,
Moed,Shabbat,1,8,,,
Moed,Shabbat,1,9,,,
Moed,Shabbat,1,10,,,
Moed,Shabbat,1,11,,,
Moed,Shabbat,2,1,,,
Moed,Shabbat,2,2,,,
Moed,Shabbat,2,3,,,
Moed,Shabbat,2,4,,,
Moed,Shabbat,2,5,,,
Moed,Shabbat,2,6,,,
Moed,Shabbat,2,7,,,
Moed,Shabbat,3,1,,,
Moed,Shabbat,3,2,,,
Moed,Shabbat,3,3,,,
Moed,Shabbat,3,4,,,
Moed,Shabbat,3,5,,,
Moed,Shabbat,3,6,,,
Moed,Shabbat,4,1,,,
Moed,Shabbat,4,2,,,
Moed,Shabbat,5,1,,,
Moed,Shabbat,5,2,,,
Moed,Shabbat,5,3,,,
Moed,Shabbat,5,4,,,
Moed,Shabbat,6,1,,,
Moed,Shabbat,6,2,,,
Moed,Shabbat,6,3,,,
Moed,Shabbat,6,4,,,
Moed,Shabbat,6,5,,,
Moed,Shabbat,6,6,,,
Moed,Shabbat,6,7,,,
Moed,Shabbat,6,8,,,
Moed,Shabbat,6,9,,,
Moed,Shabbat,6,10,,,
Moed,Shabbat,7,1,,,
Moed,Shabbat,7,2,,,
Moed,Shabbat,7,3,,,
Moed,Shabbat,7,4,,,
Moed,Shabbat,8,1,,,
Moed,Shabbat,8,2,,,
Moed,Shabbat,8,3,,,
Moed,Shabbat,8,4,,,
Moed,Shabbat,8,5,,,
Moed,Shabbat,8,6,,,
Moed,Shabbat,8,7,,,
Moed,Shabbat,9,1,,,
Moed,Shabbat,9,2,,,
Moed,Shabbat,9,3,,,
Moed,Shabbat,9,4,,,
Moed,Shabbat,9,5,,,
Moed,Shabbat,9,6,,,
Moed,Shabbat,9,7,,,
Moed,Shabbat,10,1,,,
Moed,Shabbat,10,2,,,
Moed,Shabbat,10,3,,,
Moed,Shabbat,10,4,,,
Moed,Shabbat,10,5,,,
Moed,Shabbat,10,6,,,
Moed,Shabbat,11,1,,,
Moed,Shabbat,11,2,,,
Moed,Shabbat,11,3,,,
Moed,Shabbat,11,4,,,
Moed,Shabbat,11,5,,,
Moed,Shabbat,11,6,,,
Moed,Shabbat,12,1,,,
Moed,Shabbat,12,2,,,
Moed,Shabbat,12,3,,,
Moed,Shabbat,12,4,,,
Moed,Shabbat,12,5,,,
Moed,Shabbat,12,6,,,
Moed,Shabbat,13,1,,,
Moed,Shabbat,13,2,,,
Moed,Shabbat,13,3,,,
Moed,Shabbat,13,4,,,
Moed,Shabbat,13,5,,,
Moed,Shabbat,13,6,,,
Moed,Shabbat,13,7,,,
Moed,Shabbat,14,1,,,
Moed,Shabbat,14,2,,,
Moed,Shabbat,14,3,,,
Moed,Shabbat,14,4,,,
Moed,Shabbat,15,1,,,
Moed,Shabbat,15,2,,,
Moed,Shabbat,15,3,,,
Moed,Shabbat,16,1,,,
Moed,Shabbat,16,2,,,
Moed,Shabbat,16,3,,,
Moed,Shabbat,16,4,,,
Moed,Shabbat,16,5,,,
Moed,Shabbat,16,6,,,
Moed,Shabbat,16,7,,,
Moed,Shabbat,16,8,,,
Moed,Shabbat,17,1,,,
Moed,Shabbat,17,2,,,
Moed,Shabbat,17,3,,,
Moed,Shabbat,17,4,,,
Moed,Shabbat,17,5,,,
Moed,Shabbat,17,6,,,
Moed,Shabbat,17,7,,,
Moed,Shabbat,17,8,,,
Moed,Shabbat,18,1,,,
Moed,Shabbat,18,2,,,
Moed,Shabbat,18,3,,,
Moed,Shabbat,19,1,,,
Moed,Shabbat,19,2,,,
Moed,Shabbat,19,3,,,
Moed,Shabbat,19,4,,,
Moed,Shabbat,19,5,,,
Moed,Shabbat,19,6,,,
Moed,Shabbat,20,1,,,
Moed,Shabbat,20,2,,,
Moed,Shabbat,20,3,,,
Moed,Shabbat,20,4,,,
Moed,Shabbat,20,5,,,
Moed,Shabbat,21,1,,,
Moed,Shabbat,21,2,,,
Moed,Shabbat,21,3,,,
Moed,Shabbat,22,1,,,
Moed,Shabbat,22,2,,,
Moed,Shabbat,22,3,,,
Moed,Shabbat,22,4,,,
Moed,Shabbat,22,5,,,
Moed,Shabbat,22,6,,,
Moed,Shabbat,23,1,,,
Moed,Shabbat,23,2,,,
Moed,Shabbat,23,3,,,
Moed,Shabbat,23,4,,,
Moed,Shabbat,23,5,,,
Moed,Shabbat,24,1,,,
Moed,Shabbat,24,2,,,
Moed,Shabbat,24,3,,,
Moed,Shabbat,24,4,,,
Moed,Shabbat,24,5,,,
Moed,Eruvin,1,1,,,
Moed,Eruvin,1,2,,,
Moed,Eruvin,1,3,,,
Moed,Eruvin,1,4,,,
Moed,Eruvin,1,5,,,
Moed,Eruvin,1,6,,,
Moed,Eruvin,1,7,,,
Moed,Eruvin,1,8,,,
Moed,Eruvin,1,9,,,
Moed,Eruvin,1,10,,,
Moed,Eruvin,2,1,,,
Moed,Eruvin,2,2,,,
Moed,Eruvin,2,3,,,
Moed,Eruvin,2,4,,,
Moed,Eruvin,2,5,,,
Moed,Eruvin,2,6,,,
Moed,Eruvin,3,1,,,
Moed,Eruvin,3,2,,,
Moed,Eruvin,3,3,,,
Moed,Eruvin,3,4,,,
Moed,Eruvin,3,5,,,
Moed,Eruvin,3,6,,,
Moed,Eruvin,3,7,,,
Moed,Eruvin,3,8,,,
Moed,Eruvin,3,9,,,
Moed,Eruvin,4,1,,,
Moed,Eruvin,4,2,,,
Moed,Eruvin,4,3,,,
Moed,Eruvin,4,4,,,
Moed,Eruvin,4,5,,,
Moed,Eruvin,4,6,,,
Moed,Eruvin,4,7,,,
Moed,Eruvin,4,8,,,
Moed,Eruvin,4,9,,,
Moed,Eruvin,4,10,,,
Moed,Eruvin,4,11,,,
Moed,Eruvin,5,1,,,
Moed,Eruvin,5,2,,,
Moed,Eruvin,5,3,,,
Moed,Eruvin,5,4,,,
Moed,Eruvin,5,5,,,
Moed,Eruvin,5,6,,,
Moed,Eruvin,5,7,,,
Moed,Eruvin,5,8,,,
Moed,Eruvin,5,9,,,
Moed,Eruvin,6,1,,,
Moed,Eruvin,6,2,,,
Moed,Eruvin,6,3,,,
Moed,Eruvin,6,4,,,
Moed,Eruvin,6,5,,,
Moed,Eruvin,6,6,,,
Moed,Eruvin,6,7,,,
Moed,Eruvin,6,8,,,
Moed,Eruvin,6,9,,,
Moed,Eruvin,6,10,,,
Moed,Eruvin,7,1,,,
Moed,Eruvin,7,2,,,
Moed,Eruvin,7,3,,,
Moed,Eruvin,7,4,,,
Moed,Eruvin,7,5,,,
Moed,Eruvin,7,6,,,
Moed,Eruvin,7,7,,,
Moed,Eruvin,7,8,,,
Moed,Eruvin,7,9,,,
Moed,Eruvin,7,10,,,
Moed,Eruvin,7,11,,,
Moed,Eruvin,8,1,,,
Moed,Eruvin,8,2,,,
Moed,Eruvin,8,3,,,
Moed,Eruvin,8,4,,,
Moed,Eruvin,8,5,,,
Moed,Eruvin,8,6,,,
Moed,Eruvin,8,7,,,
Moed,Eruvin,8,8,,,
Moed,Eruvin,8,9,,,
Moed,Eruvin,8,10,,,
Moed,Eruvin,8,11,,,
Moed,Eruvin,9,1,,,
Moed,Eruvin,9,2,,,
Moed,Eruvin,9,3,,,
Moed,Eruvin,9,4,,,
Moed,Eruvin,10,1,,,
Moed,Eruvin,10,2,,,
Moed,Eruvin,10,3,,,
Moed,Eruvin,10,4,,,
Moed,Eruvin,10,5,,,
Moed,Eruvin,10,6,,,
Moed,Eruvin,10,7,,,
Moed,Eruvin,10,8,,,
Moed,Eruvin,10,9,,,
Moed,Eruvin,10,10,,,
Moed,Eruvin,10,11,,,
Moed,Eruvin,10,12,,,
Moed,Eruvin,10,13,,,
Moed,Eruvin,10,14,,,
Moed,Eruvin,10,15,,,
Moed,Pesahim,1,1,,,
Moed,Pesahim,1,2,,,
Moed,Pesahim,1,3,,,
Moed,Pesahim,1,4,,,
Moed,Pesahim,1,5,,,
Moed,Pesahim,1,6,,,
Moed,Pesahim,1,7,,,
Moed,Pesahim,2,1,,,
Moed,Pesahim,2,2,,,
Moed,Pesahim,2,3,,,
Moed,Pesahim,2,4,,,
Moed,Pesahim,2,5,,,
Moed,Pesahim,2,6,,,
Moed,Pesahim,2,7,,,
Moed,Pesahim,2,8,,,
Moed,Pesahim,3,1,,,
Moed,Pesahim,3,2,,,
Moed,Pesahim,3,3,,,
Moed,Pesahim,3,4,,,
Moed,Pesahim,3,5,,,
Moed,Pesahim,3,6,,,
Moed,Pesahim,3,7,,,
Moed,Pesahim,3,8,,,
Moed,Pesahim,4,1,,,
Moed,Pesahim,4,2,,,
Moed,Pesahim,4,3,,,
Moed,Pesahim,4,4,,,
Moed,Pesahim,4,5,,,
Moed,Pesahim,4,6,,,
Moed,Pesahim,4,7,,,
Moed,Pesahim,4,8,,,
Moed,Pesahim,4,9,,,
Moed,Pesahim,5,1,,,
Moed,Pesahim,5,2,,,
Moed,Pesahim,5,3,,,
Moed,Pesahim,5,4,,,
Moed,Pesahim,5,5,,,
Moed,Pesahim,5,6,,,
Moed,Pesahim,5,7,,,
Moed,Pesahim,5,8,,,
Moed,Pesahim,5,9,,,
Moed,Pesahim,5,10,,,
Moed,Pesahim,6,1,,,
Moed,Pesahim,6,2,,,
Moed,Pesahim,6,3,,,
Moed,Pesahim,6,4,,,
Moed,Pesahim,6,5,,,
Moed,Pesahim,6,6,,,
Moed,Pesahim,7,1,,,
Moed,Pesahim,7,2,,,
Moed,Pesahim,7,3,,,
Moed,Pesahim,7,4,,,
Moed,Pesahim,7,5,,,
Moed,Pesahim,7,6,,,
Moed,Pesahim,7,7,,,
Moed,Pesahim,7,8,,,
Moed,Pesahim,7,9,,,
Moed,Pesahim,7,10,,,
Moed,Pesahim,7,11,,,
Moed,Pesahim,7,12,,,
Moed,Pesahim,7,13,,,
Moed,Pesahim,8,1,,,
Moed,Pesahim,8,2,,,
Moed,Pesahim,8,3,,,
Moed,Pesahim,8,4,,,
Moed,Pesahim,8,5,,,
Moed,Pesahim,8,6,,,
Moed,Pesahim,8,7,,,
Moed,Pesahim,8,8,,,
Moed,Pesahim,9,1,,,
Moed,Pesahim,9,2,,,
Moed,Pesahim,9,3,,,
Moed,Pesahim,9,4,,,
Moed,Pesahim,9,5,,,
Moed,Pesahim,9,6,,,
Moed,Pesahim,9,7,,,
Moed,Pesahim,9,8,,,
Moed,Pesahim,9,9,,,
Moed,Pesahim,9,10,,,
Moed,Pesahim,9,11,,,
Moed,Pesahim,10,1,,,
Moed,Pesahim,10,2,,,
Moed,Pesahim,10,3,,,
Moed,Pesahim,10,4,,,
Moed,Pesahim,10,5,,,
Moed,Pesahim,10,6,,,
Moed,Pesahim,10,7,,,
Moed,Pesahim,10,8,,,
Moed,Pesahim,10,9,,,
Moed,Shekalim,1,1,,,
Moed,Shekalim,1,2,,,
Moed,Shekalim,1,3,,,
Moed,Shekalim,1,4,,,
Moed,Shekalim,1,5,,,
Moed,Shekalim,1,6,,,
Moed,Shekalim,1,7,,,
Moed,Shekalim,2,1,,,
Moed,Shekalim,2,2,,,
Moed,Shekalim,2,3,,,
Moed,Shekalim,2,4,,,
Moed,Shekalim,2,5,,,
Moed,Shekalim,3,1,,,
Moed,Shekalim,3,2,,,
Moed,Shekalim,3,3,,,
Moed,Shekalim,3,4,,,
Moed,Shekalim,4,1,,,
Moed,Shekalim,4,2,,,
Moed,Shekalim,4,3,,,
Moed,Shekalim,4,4,,,
Moed,Shekalim,4,5,,,
Moed,Shekalim,4,6,,,
Moed,Shekalim,4,7,,,
Moed,Shekalim,4,8,,,
Moed,Shekalim,4,9,,,
Moed,Shekalim,5,1,,,
Moed,Shekalim,5,2,,,
Moed,Shekalim,5,3,,,
Moed,Shekalim,5,4,,,
Moed,Shekalim,5,5,,,
Moed,Shekalim,5,6,,,
Moed,Shekalim,6,1,,,
Moed,Shekalim,6,2,,,
Moed,Shekalim,6,3,,,
Moed,Shekalim,6,4,,,
Moed,Shekalim,6,5,,,
Moed,Shekalim,6,6,,,
Moed,Shekalim,7,1,,,
Moed,Shekalim,7,2,,,
Moed,Shekalim,7,3,,,
Moed,Shekalim,7,4,,,
Moed,Shekalim,7,5,,,
Moed,Shekalim,7,6,,,
Moed,Shekalim,7,7,,,
Moed,Shekalim,8,1,,,
Moed,Shekalim,8,2,,,
Moed,Shekalim,8,3,,,
Moed,Shekalim,8,4,,,
Moed,Shekalim,8,5,,,
Moed,Shekalim,8,6,,,
Moed,Shekalim,8,7,,,
Moed,Shekalim,8,8,,,
Moed,Yoma,1,1,,,
Moed,Yoma,1,2,,,
Moed,Yoma,1,3,,,
Moed,Yoma,1,4,,,
Moed,Yoma,1,5,,,
Moed,Yoma,1,6,,,
Moed,Yoma,1,7,,,
Moed,Yoma,1,8,,,
Moed,Yoma,2,1,,,
Moed,Yoma,2,2,,,
Moed,Yoma,2,3,,,
Moed,Yoma,2,4,,,
Moed,Yoma,2,5,,,
Moed,Yoma,2,6,,,
Moed,Yoma,2,7,,,
Moed,Yoma,3,1,,,
Moed,Yoma,3,2,,,
Moed,Yoma,3,3,,,
Moed,Yoma,3,4,,,
Moed,Yoma,3,5,,,
Moed,Yoma,3,6,,,
Moed,Yoma,3,7,,,
Moed,Yoma,3,8,,,
Moed,Yoma,3,9,,,
Moed,Yoma,3,10,,,
Moed,Yoma,3,11,,,
Moed,Yoma,4,1,,,
Moed,Yoma,4,2,,,
Moed,Yoma,4,3,,,
Moed,Yoma,4,4,,,
Moed,Yoma,4,5,,,
Moed,Yoma,4,6,,,
Moed,Yoma,5,1,,,
Moed,Yoma,5,2,,,
Moed,Yoma,5,3,,,
Moed,Yoma,5,4,,,
Moed,Yoma,5,5,,,
Moed,Yoma,5,6,,,
Moed,Yoma,5,7,,,
Moed,Yoma,6,1,,,
Moed,Yoma,6,2,,,
Moed,Yoma,6,3,,,
Moed,Yoma,6,4,,,
Moed,Yoma,6,5,,,
Moed,Yoma,6,6,,,
Moed,Yoma,6,7,,,
Moed,Yoma,6,8,,,
Moed,Yoma,7,1,,,
Moed,Yoma,7,2,,,
Moed,Yoma,7,3,,,
Moed,Yoma,7,4,,,
Moed,Yoma,7,5,,,
Moed,Yoma,8,1,,,
Moed,Yoma,8,2,,,
Moed,Yoma,8,3,,,
Moed,Yoma,8,4,,,
Moed,Yoma,8,5,,,
Moed,Yoma,8,6,,,
Moed,Yoma,8,7,,,
Moed,Yoma,8,8,,,
Moed,Yoma,8,9,,,
Moed,Sukka,1,1,,,
Moed,Sukka,1,2,,,
Moed,Sukka,1,3,,,
Moed,Sukka,1,4,,,
Moed,Sukka,1,5,,,
Moed,Sukka,1,6,,,
Moed,Sukka,1,7,,,
Moed,Sukka,1,8,,,
Moed,Sukka,1,9,,,
Moed,Sukka,1,10,,,
Moed,Sukka,1,11,,,
Moed,Sukka,2,1,,,
Moed,Sukka,2,2,,,
Moed,Sukka,2,3,,,
Moed,Sukka,2,4,,,
Moed,Sukka,2,5,,,
Moed,Sukka,2,6,,,
Moed,Sukka,2,7,,,
Moed,Sukka,2,8,,,
Moed,Sukka,2,9,,,
Moed,Sukka,3,1,,,
Moed,Sukka,3,2,,,
Moed,Sukka,3,3,,,
Moed,Sukka,3,4,,,
Moed,Sukka,3,5,,,
Moed,Sukka,3,6,,,
Moed,Sukka,3,7,,,
Moed,Sukka,3,8,,,
Moed,Sukka,3,9,,,
Moed,Sukka,3,10,,,
Moed,Sukka,3,11,,,
Moed,Sukka,3,12,,,
Moed,Sukka,3,13,,,
Moed,Sukka,3,14,,,
Moed,Sukka,3,15,,,
Moed,Sukka,4,1,,,
Moed,Sukka,4,2,,,
Moed,Sukka,4,3,,,
Moed,Sukka,4,4,,,
Moed,Sukka,4,5,,,
Moed,Sukka,4,6,,,
Moed,Sukka,4,7,,,
Moed,Sukka,4,8,,,
Moed,Sukka,4,9,,,
Moed,Sukka,4,10,,,
Moed,Sukka,5,1,,,
Moed,Sukka,5,2,,,
Moed,Sukka,5,3,,,
Moed,Sukka,5,4,,,
Moed,Sukka,5,5,,,
Moed,Sukka,5,6,,,
Moed,Sukka,5,7,,,
Moed,Sukka,5,8,,,
Moed,Beitza,1,1,,,
Moed,Beitza,1,2,,,
Moed,Beitza,1,3,,,
Moed,Beitza,1,4,,,
Moed,Beitza,1,5,,,
Moed,Beitza,1,6,,,
Moed,Beitza,1,7,,,
Moed,Beitza,1,8,,,
Moed,Beitza,1,9,,,
Moed,Beitza,1,10,,,
Moed,Beitza,2,1,,,
Moed,Beitza,2,2,,,
Moed,Beitza,2,3,,,
Moed,Beitza,2,4,,,
Moed,Beitza,2,5,,,
Moed,Beitza,2,6,,,
Moed,Beitza,2,7,,,
Moed,Beitza,2,8,,,
Moed,Beitza,2,9,,,
Moed,Beitza,2,10,,,
Moed,Beitza,3,1,,,
Moed,Beitza,3,2,,,
Moed,Beitza,3,3,,,
Moed,Beitza,3,4,,,
Moed,Beitza,3,5,,,
Moed,Beitza,3,6,,,
Moed,Beitza,3,7,,,
Moed,Beitza,3,8,,,
Moed,Beitza,4,1,,,
Moed,Beitza,4,2,,,
Moed,Beitza,4,3,,,
Moed,Beitza,4,4,,,
Moed,Beitza,4,5,,,
Moed,Beitza,4,6,,,
Moed,Beitza,4,7,,,
Moed,Beitza,5,1,,,
Moed,Beitza,5,2,,,
Moed,Beitza,5,3,,,
Moed,Beitza,5,4,,,
Moed,Beitza,5,5,,,
Moed,Beitza,5,6,,,
Moed,Beitza,5,7,,,
Moed,Rosh Hashana,1,1,,,
Moed,Rosh Hashana,1,2,,,
Moed,Rosh Hashana,1,3,,,
Moed,Rosh Hashana,1,4,,,
Moed,Rosh Hashana,1,5,,,
Moed,Rosh Hashana,1,6,,,
Moed,Rosh Hashana,1,7,,,
Moed,Rosh Hashana,1,8,,,
Moed,Rosh Hashana,1,9,,,
Moed,Rosh Hashana,2,1,,,
Moed,Rosh Hashana,2,2,,,
Moed,Rosh Hashana,2,3,,,
Moed,Rosh Hashana,2,4,,,
Moed,Rosh Hashana,2,5,,,
Moed,Rosh Hashana,2,6,,,
Moed,Rosh Hashana,2,7,,,
Moed,Rosh Hashana,2,8,,,
Moed,Rosh Hashana,3,1,,,
Moed,Rosh Hashana,3,2,,,
Moed,Rosh Hashana,3,3,,,
Moed,Rosh Hashana,3,4,,,
Moed,Rosh Hashana,3,5,,,
Moed,Rosh Hashana,3,6,,,
Moed,Rosh Hashana,3,7,,,
Moed,Rosh Hashana,3,8,,,
Moed,Rosh Hashana,3,9,,,
Moed,Rosh Hashana,4,1,,,
Moed,Rosh Hashana,4,2,,,
Moed,Rosh Hashana,4,3,,,
Moed,Rosh Hashana,4,4,,,
Moed,Rosh Hashana,4,5,,,
Moed,Rosh Hashana,4,6,,,
Moed,Rosh Hashana,4,7,,,
Moed,Rosh Hashana,4,8,,,
Moed,Rosh Hashana,4,9,,,
Moed,Taanit,1,1,,,
Moed,Taanit,1,2,,,
Moed,Taanit,1,3,,,
Moed,Taanit,1,4,,,
Moed,Taanit,1,5,,,
Moed,Taanit,1,6,,,
Moed,Taanit,1,7,,,
Moed,Taanit,2,1,,,
Moed,Taanit,2,2,,,
Moed,Taanit,2,3,,,
Moed,Taanit,2,4,,,
Moed,Taanit,2,5,,,
Moed,Taanit,2,6,,,
Moed,Taanit,2,7,,,
Moed,Taanit,2,8,,,
Moed,Taanit,2,9,,,
Moed,Taanit,2,10,,,
Moed,Taanit,3,1,,,
Moed,Taanit,3,2,,,
Moed,Taanit,3,3,,,
Moed,Taanit,3,4,,,
Moed,Taanit,3,5,,,
Moed,Taanit,3,6,,,
Moed,Taanit,3,7,,,
Moed,Taanit,3,8,,,
Moed,Taanit,3,9,,,
Moed,Taanit,4,1,,,
Moed,Taanit,4,2,,,
Moed,Taanit,4,3,,,
Moed,Taanit,4,4,,,
Moed,Taanit,4,5,,,
Moed,Taanit,4,6,,,
Moed,Taanit,4,7,,,
Moed,Taanit,4,8,,,
Moed,Megilla,1,1,,,
Moed,Megilla,1,2,,,
Moed,Megilla,1,3,,,
Moed,Megilla,1,4,,,
Moed,Megilla,1,5,,,
Moed,Megilla,1,6,,,
Moed,Megilla,1,7,,,
Moed,Megilla,1,8,,,
Moed,Megilla,1,9,,,
Moed,Megilla,1,10,,,
Moed,Megilla,1,11,,,
Moed,Megilla,2,1,,,
Moed,Megilla,2,2,,,
Moed,Megilla,2,3,,,
Moed,Megilla,2,4,,,
Moed,Megilla,2,5,,,
Moed,Megilla,2,6,,,
Moed,Megilla,3,1,,,
Moed,Megilla,3,2,,,
Moed,Megilla,3,3,,,
Moed,Megilla,3,4,,,
Moed,Megilla,3,5,,,
Moed,Megilla,3,6,,,
Moed,Megilla,4,1,,,
Moed,Megilla,4,2,,,
Moed,Megilla,4,3,,,
Moed,Megilla,4,4,,,
Moed,Megilla,4,5,,,
Moed,Megilla,4,6,,,
Moed,Megilla,4,7,,,
Moed,Megilla,4,8,,,
Moed,Megilla,4,9,,,
Moed,Megilla,4,10,,,
Moed,Moed Katan,1,1,,,
Moed,Moed Katan,1,2,,,
Moed,Moed Katan,1,3,,,
Moed,Moed Katan,1,4,,,
Moed,Moed Katan,1,5,,,
Moed,Moed Katan,1,6,,,
Moed,Moed Katan,1,7,,,
Moed,Moed Katan,1,8,,,
Moed,Moed Katan,1,9,,,
Moed,Moed Katan,1,10,,,
Moed,Moed Katan,2,1,,,
Moed,Moed Katan,2,2,,,
Moed,Moed Katan,2,3,,,
Moed,Moed Katan,2,4,,,
Moed,Moed Katan,2,5,,,
Moed,Moed Katan,3,1,,,
Moed,Moed Katan,3,2,,,
Moed,Moed Katan,3,3,,,
Moed,Moed Katan,3,4,,,
Moed,Moed Katan,3,5,,,
Moed,Moed Katan,3,6,,,
Moed,Moed Katan,3,7,,,
Moed,Moed Katan,3,8,,,
Moed,Moed Katan,3,9,,,
Moed,Hagiga,1,1,,,
Moed,Hagiga,1,2,,,
Moed,Hagiga,1,3,,,
Moed,Hagiga,1,4,,,
Moed,Hagiga,1,5,,,
Moed,Hagiga,1,6,,,
Moed,Hagiga,1,7,,,
Moed,Hagiga,1,8,,,
Moed,Hagiga,2,1,,,
Moed,Hagiga,2,2,,,
Moed,Hagiga,2,3,,,
Moed,Hagiga,2,4,,,
Moed,Hagiga,2,5,,,
Moed,Hagiga,2,6,,,
Moed,Hagiga,2,7,,,
Moed,Hagiga,3,1,,,
Moed,Hagiga,3,2,,,
Moed,Hagiga,3,3,,,
Moed,Hagiga,3,4,,,
Moed,Hagiga,3,5,,,
Moed,Hagiga,3,6,,,
Moed,Hagiga,3,7,,,
Moed,Hagiga,3,8,,,
Nashim,Yevamot,1,1,,,
Nashim,Yevamot,1,2,,,
Nashim,Yevamot,1,3,,,
Nashim,Yevamot,1,4,,,
Nashim,Yevamot,2,1,,,
Nashim,Yevamot,2,2,,,
Nashim,Yevamot,2,3,,,
Nashim,Yevamot,2,4,,,
Nashim,Yevamot,2,5,,,
Nashim,Yevamot,2,6,,,
Nashim,Yevamot,2,7,,,
Nashim,Yevamot,2,8,,,
Nashim,Yevamot,2,9,,,
Nashim,Yevamot,2,10,,,
Nashim,Yevamot,3,1,,,
Nashim,Yevamot,3,2,,,
Nashim,Yevamot,3,3,,,
Nashim,Yevamot,3,4,,,
Nashim,Yevamot,3,5,,,
Nashim,Yevamot,3,6,,,
Nashim,Yevamot,3,7,,,
Nashim,Yevamot,3,8,,,
Nashim,Yevamot,3,9,,,
Nashim,Yevamot,3,10,,,
Nashim,Yevamot,4,1,,,
Nashim,Yevamot,4,2,,,
Nashim,Yevamot,4,3,,,
Nashim,Yevamot,4,4,,,
Nashim,Yevamot,4,5,,,
Nashim,Yevamot,4,6,,,
Nashim,Yevamot,4,7,,,
Nashim,Yevamot,4,8,,,
Nashim,Yevamot,4,9,,,
Nashim,Yevamot,4,10,,,
Nashim,Yevamot,4,11,,,
Nashim,Yevamot,4,12,,,
Nashim,Yevamot,4,13,,,
Nashim,Yevamot,5,1,,,
Nashim,Yevamot,5,2,,,
Nashim,Yevamot,5,3,,,
Nashim,Yevamot,5,4,,,
Nashim,Yevamot,5,5,,,
Nashim,Yevamot,5,6,,,
Nashim,Yevamot,6,1,,,
Nashim,Yevamot,6,2,,,
Nashim,Yevamot,6,3,,,
Nashim,Yevamot,6,4,,,
Nashim,Yevamot,6,5,,,
Nashim,Yevamot,6,6,,,
Nashim,Yevamot,7,1,,,
Nashim,Yevamot,7,2,,,
Nashim,Yevamot,7,3,,,
Nashim,Yevamot,7,4,,,
Nashim,Yevamot,7,5,,,
Nashim,Yevamot,7,6,,,
Nashim,Yevamot,8,1,,,
Nashim,Yevamot,8,2,,,
Nashim,Yevamot,8,3,,,
Nashim,Yevamot,8,4,,,
Nashim,Yevamot,8,5,,,
Nashim,Yevamot,8,6,,,
Nashim,Yevamot,9,1,,,
Nashim,Yevamot,9,2,,,
Nashim,Yevamot,9,3,,,
Nashim,Yevamot,9,4,,,
Nashim,Yevamot,9,5,,,
Nashim,Yevamot,9,6,,,
Nashim,Yevamot,10,1,,,
Nashim,Yevamot,10,2,,,
Nashim,Yevamot,10,3,,,
Nashim,Yevamot,10,4,,,
Nashim,Yevamot,10,5,,,
Nashim,Yevamot,10,6,,,
Nashim,Yevamot,10,7,,,
Nashim,Yevamot,10,8,,,
Nashim,Yevamot,10,9,,,
Nashim,Yevamot,11,1,,,
Nashim,Yevamot,11,2,,,
Nashim,Yevamot,11,3,,,
Nashim,Yevamot,11,4,,,
Nashim,Yevamot,11,5,,,
Nashim,Yevamot,11,6,,,
Nashim,Yevamot,11,7,,,
Nashim,Yevamot,12,1,,,
Nashim,Yevamot,12,2,,,
Nashim,Yevamot,12,3,,,
Nashim,Yevamot,12,4,,,
Nashim,Yevamot,12,5,,,
Nashim,Yevamot,12,6,,,
Nashim,Yevamot,13,1,,,
Nashim,Yevamot,13,2,,,
Nashim,Yevamot,13,3,,,
Nashim,Yevamot,13,4,,,
Nashim,Yevamot,13,5,,,
Nashim,Yevamot,13,6,,,
Nashim,Yevamot,13,7,,,
Nashim,Yevamot,13,8,,,
Nashim,Yevamot,13,9,,,
Nashim,Yevamot,13,10,,,
Nashim,Yevamot,13,11,,,
Nashim,Yevamot,13,12,,,
Nashim,Yevamot,13,13,,,
Nashim,Yevamot,14,1,,,
Nashim,Yevamot,14,2,,,
Nashim,Yevamot,14,3,,,
Nashim,Yevamot,14,4,,,
Nashim,Yevamot,14,5,,,
Nashim,Yevamot,14,6,,,
Nashim,Yevamot,14,7,,,
Nashim,Yevamot,14,8,,,
Nashim,Yevamot,14,9,,,
Nashim,Yevamot,15,1,,,
Nashim,Yevamot,15,2,,,
Nashim,Yevamot,15,3,,,
Nashim,Yevamot,15,4,,,
Nashim,Yevamot,15,5,,,
Nashim,Yevamot,15,6,,,
Nashim,Yevamot,15,7,,,
Nashim,Yevamot,15,8,,,
Nashim,Yevamot,15,9,,,
Nashim,Yevamot,15,10,,,
Nashim,Yevamot,16,1,,,
Nashim,Yevamot,16,2,,,
Nashim,Yevamot,16,3,,,
Nashim,Yevamot,16,4,,,
Nashim,Yevamot,16,5,,,
Nashim,Yevamot,16,6,,,
Nashim,Yevamot,16,7,,,
Nashim,Ketubot,1,1,,,
Nashim,Ketubot,1,2,,,
Nashim,Ketubot,1,3,,,
Nashim,Ketubot,1,4,,,
Nashim,Ketubot,1,5,,,
Nashim,Ketubot,1,6,,,
Nashim,Ketubot,1,7,,,
Nashim,Ketubot,1,8,,,
Nashim,Ketubot,1,9,,,
Nashim,Ketubot,1,10,,,
Nashim,Ketubot,2,1,,,
Nashim,Ketubot,2,2,,,
Nashim,Ketubot,2,3,,,
Nashim,Ketubot,2,4,,,
Nashim,Ketubot,2,5,,,
Nashim,Ketubot,2,6,,,
Nashim,Ketubot,2,7,,,
Nashim,Ketubot,2,8,,,
Nashim,Ketubot,2,9,,,
Nashim,Ketubot,2,10,,,
Nashim,Ketubot,3,1,,,
Nashim,Ketubot,3,2,,,
Nashim,Ketubot,3,3,,,
Nashim,Ketubot,3,4,,,
Nashim,Ketubot,3,5,,,
Nashim,Ketubot,3,6,,,
Nashim,Ketubot,3,7,,,
Nashim,Ketubot,3,8,,,
Nashim,Ketubot,3,9,,,
Nashim,Ketubot,4,1,,,
Nashim,Ketubot,4,2,,,
Nashim,Ketubot,4,3,,,
Nashim,Ketubot,4,4,,,
Nashim,Ketubot,4,5,,,
Nashim,Ketubot,4,6,,,
Nashim,Ketubot,4,7,,,
Nashim,Ketubot,4,8,,,
Nashim,Ketubot,4,9,,,
Nashim,Ketubot,4,10,,,
Nashim,Ketubot,4,11,,,
Nashim,Ketubot,4,12,,,
Nashim,Ketubot,5,1,,,
Nashim,Ketubot,5,2,,,
Nashim,Ketubot,5,3,,,
Nashim,Ketubot,5,4,,,
Nashim,Ketubot,5,5,,,
Nashim,Ketubot,5,6,,,
Nashim,Ketubot,5,7,,,
Nashim,Ketubot,5,8,,,
Nashim,Ketubot,5,9,,,
Nashim,Ketubot,6,1,,,
Nashim,Ketubot,6,2,,,
Nashim,Ketubot,6,3,,,
Nashim,Ketubot,6,4,,,
Nashim,Ketubot,6,5,,,
Nashim,Ketubot,6,6,,,
Nashim,Ketubot,6,7,,,
Nashim,Ketubot,7,1,,,
Nashim,Ketubot,7,2,,,
Nashim,Ketubot,7,3,,,
Nashim,Ketubot,7,4,,,
Nashim,Ketubot,7,5,,,
Nashim,Ketubot,7,6,,,
Nashim,Ketubot,7,7,,,
Nashim,Ketubot,7,8,,,
Nashim,Ketubot,7,9,,,
Nashim,Ketubot,7,10,,,
Nashim,Ketubot,8,1,,,
Nashim,Ketubot,8,2,,,
Nashim,Ketubot,8,3,,,
Nashim,Ketubot,8,4,,,
Nashim,Ketubot,8,5,,,
Nashim,Ketubot,8,6,,,
Nashim,Ketubot,8,7,,,
Nashim,Ketubot,8,8,,,
Nashim,Ketubot,9,1,,,
Nashim,Ketubot,9,2,,,
Nashim,Ketubot,9,3,,,
Nashim,Ketubot,9,4,,,
Nashim,Ketubot,9,5,,,
Nashim,Ketubot,9,6,,,
Nashim,Ketubot,9,7,,,
Nashim,Ketubot,9,8,,,
Nashim,Ketubot,9,9,,,
Nashim,Ketubot,10,1,,,
Nashim,Ketubot,10,2,,,
Nashim,Ketubot,10,3,,,
Nashim,Ketubot,10,4,,,
Nashim,Ketubot,10,5,,,
Nashim,Ketubot,10,6,,,
Nashim,Ketubot,11,1,,,
Nashim,Ketubot,11,2,,,
Nashim,Ketubot,11,3,,,
Nashim,Ketubot,11,4,,,
Nashim,Ketubot,11,5,,,
Nashim,Ketubot,11,6,,,
Nashim,Ketubot,12,1,,,
Nashim,Ketubot,12,2,,,
Nashim,Ketubot,12,3,,,
Nashim,Ketubot,12,4,,,
Nashim,Ketubot,13,1,,,
Nashim,Ketubot,13,2,,,
Nashim,Ketubot,13,3,,,
Nashim,Ketubot,13,4,,,
Nashim,Ketubot,13,5,,,
Nashim,Ketubot,13,6,,,
Nashim,Ketubot,13,7,,,
Nashim,Ketubot,13,8,,,
Nashim,Ketubot,13,9,,,
Nashim,Ketubot,13,10,,,
Nashim,Ketubot,13,11,,,
Nashim,Nedarim,1,1,,,
Nashim,Nedarim,1,2,,,
Nashim,Nedarim,1,3,,,
Nashim,Nedarim,1,4,,,
Nashim,Nedarim,2,1,,,
Nashim,Nedarim,2,2,,,
Nashim,Nedarim,2,3,,,
Nashim,Nedarim,2,4,,,
Nashim,Nedarim,2,5,,,
Nashim,Nedarim,3,1,,,
Nashim,Nedarim,3,2,,,
Nashim,Nedarim,3,3,,,
Nashim,Nedarim,3,4,,,
Nashim,Nedarim,3,5,,,
Nashim,Nedarim,3,6,,,
Nashim,Nedarim,3,7,,,
Nashim,Nedarim,3,8,,,
Nashim,Nedarim,3,9,,,
Nashim,Nedarim,3,10,,,
Nashim,Nedarim,3,11,,,
Nashim,Nedarim,4,1,,,
Nashim,Nedarim,4,2,,,
Nashim,Nedarim,4,3,,,
Nashim,Nedarim,4,4,,,
Nashim,Nedarim,4,5,,,
Nashim,Nedarim,4,6,,,
Nashim,Nedarim,4,7,,,
Nashim,Nedarim,4,8,,,
Nashim,Nedarim,5,1,,,
Nashim,Nedarim,5,2,,,
Nashim,Nedarim,5,3,,,
Nashim,Nedarim,5,4,,,
Nashim,Nedarim,5,5,,,
Nashim,Nedarim,5,6,,,
Nashim,Nedarim,6,1,,,
Nashim,Nedarim,6,2,,,
Nashim,Nedarim,6,3,,,
Nashim,Nedarim,6,4,,,
Nashim,Nedarim,6,5,,,
Nashim,Nedarim,6,6,,,
Nashim,Nedarim,6,7,,,
Nashim,Nedarim,6,8,,,
Nashim,Nedarim,6,9,,,
Nashim,Nedarim,6,10,,,
Nashim,Nedarim,7,1,,,
Nashim,Nedarim,7,2,,,
Nashim,Nedarim,7,3,,,
Nashim,Nedarim,7,4,,,
Nashim,Nedarim,7,5,,,
Nashim,Nedarim,7,6,,,
Nashim,Nedarim,7,7,,,
Nashim,Nedarim,7,8,,,
Nashim,Nedarim,7,9,,,
Nashim,Nedarim,8,1,,,
Nashim,Nedarim,8,2,,,
Nashim,Nedarim,8,3,,,
Nashim,Nedarim,8,4,,,
Nashim,Nedarim,8,5,,,
Nashim,Nedarim,8,6,,,
Nashim,Nedarim,8,7,,,
Nashim,Nedarim,9,1,,,
Nashim,Nedarim,9,2,,,
Nashim,Nedarim,9,3,,,
Nashim,Nedarim,9,4,,,
Nashim,Nedarim,9,5,,,
Nashim,Nedarim,9,6,,,
Nashim,Nedarim,9,7,,,
Nashim,Nedarim,9,8,,,
Nashim,Nedarim,9,9,,,
Nashim,Nedarim,9,10,,,
Nashim,Nedarim,10,1,,,
Nashim,Nedarim,10,2,,,
Nashim,Nedarim,10,3,,,
Nashim,Nedarim,10,4,,,
Nashim,Nedarim,10,5,,,
Nashim,Nedarim,10,6,,,
Nashim,Nedarim,10,7,,,
Nashim,Nedarim,10,8,,,
Nashim,Nedarim,11,1,,,
Nashim,Nedarim,11,2,,,
Nashim,Nedarim,11,3,,,
Nashim,Nedarim,11,4,,,
Nashim,Nedarim,11,5,,,
Nashim,Nedarim,11,6,,,
Nashim,Nedarim,11,7,,,
Nashim,Nedarim,11,8,,,
Nashim,Nedarim,11,9,,,
Nashim,Nedarim,11,10,,,
Nashim,Nedarim,11,11,,,
Nashim,Nedarim,11,12,,,
Nashim,Nazir,1,1,,,
Nashim,Nazir,1,2,,,
Nashim,Nazir,1,3,,,
Nashim,Nazir,1,4,,,
Nashim,Nazir,1,5,,,
Nashim,Nazir,1,6,,,
Nashim,Nazir,1,7,,,
Nashim,Nazir,2,1,,,
Nashim,Nazir,2,2,,,
Nashim,Nazir,2,3,,,
Nashim,Nazir,2,4,,,
Nashim,Nazir,2,5,,,
Nashim,Nazir,2,6,,,
Nashim,Nazir,2,7,,,
Nashim,Nazir,2,8,,,
Nashim,Nazir,2,9,,,
Nashim,Nazir,2,10,,,
Nashim,Nazir,3,1,,,
Nashim,Nazir,3,2,,,
Nashim,Nazir,3,3,,,
Nashim,Nazir,3,4,,,
Nashim,Nazir,3,5,,,
Nashim,Nazir,3,6,,,
Nashim,Nazir,3,7,,,
Nashim,Nazir,4,1,,,
Nashim,Nazir,4,2,,,
Nashim,Nazir,4,3,,,
Nashim,Nazir,4,4,,,
Nashim,Nazir,4,5,,,
Nashim,Nazir,4,6,,,
Nashim,Nazir,4,7,,,
Nashim,Nazir,5,1,,,
Nashim,Nazir,5,2,,,
Nashim,Nazir,5,3,,,
Nashim,Nazir,5,4,,,
Nashim,Nazir,5,5,,,
Nashim,Nazir,5,6,,,
Nashim,Nazir,5,7,,,
Nashim,Nazir,6,1,,,
Nashim,Nazir,6,2,,,
Nashim,Nazir,6,3,,,
Nashim,Nazir,6,4,,,
Nashim,Nazir,6,5,,,
Nashim,Nazir,6,6,,,
Nashim,Nazir,6,7,,,
Nashim,Nazir,6,8,,,
Nashim,Nazir,6,9,,,
Nashim,Nazir,6,10,,,
Nashim,Nazir,6,11,,,
Nashim,Nazir,7,1,,,
Nashim,Nazir,7,2,,,
Nashim,Nazir,7,3,,,
Nashim,Nazir,7,4,,,
Nashim,Nazir,8,1,,,
Nashim,Nazir,8,2,,,
Nashim,Nazir,9,1,,,
Nashim,Nazir,9,2,,,
Nashim,Nazir,9,3,,,
Nashim,Nazir,9,4,,,
Nashim,Nazir,9,5,,,
Nashim,Sota,1,1,,,
Nashim,Sota,1,2,,,
Nashim,Sota,1,3,,,
Nashim,Sota,1,4,,,
Nashim,Sota,1,5,,,
Nashim,Sota,1,6,,,
Nashim,Sota,1,7,,,
Nashim,Sota,1,8,,,
Nashim,Sota,1,9,,,
Nashim,Sota,2,1,,,
Nashim,Sota,2,2,,,
Nashim,Sota,2,3,,,
Nashim,Sota,2,4,,,
Nashim,Sota,2,5,,,
Nashim,Sota,2,6,,,
Nashim,Sota,3,1,,,
Nashim,Sota,3,2,,,
Nashim,Sota,3,3,,,
Nashim,Sota,3,4,,,
Nashim,Sota,3,5,,,
Nashim,Sota,3,6,,,
Nashim,Sota,3,7,,,
Nashim,Sota,3,8,,,
Nashim,Sota,4,1,,,
Nashim,Sota,4,2,,,
Nashim,Sota,4,3,,,
Nashim,Sota,4,4,,,
Nashim,Sota,4,5,,,
Nashim,Sota,5,1,,,
Nashim,Sota,5,2,,,
Nashim,Sota,5,3,,,
Nashim,Sota,5,4,,,
Nashim,Sota,5,5,,,
Nashim,Sota,6,1,,,
Nashim,Sota,6,2,,,
Nashim,Sota,6,3,,,
Nashim,Sota,6,4,,,
Nashim,Sota,7,1,,,
Nashim,Sota,7,2,,,
Nashim,Sota,7,3,,,
Nashim,Sota,7,4,,,
Nashim,Sota,7,5,,,
Nashim,Sota,7,6,,,
Nashim,Sota,7,7,,,
Nashim,Sota,7,8,,,
Nashim,Sota,8,1,,,
Nashim,Sota,8,2,,,
Nashim,Sota,8,3,,,
Nashim,Sota,8,4,,,
Nashim,Sota,8,5,,,
Nashim,Sota,8,6,,,
Nashim,Sota,8,7,,,
Nashim,Sota,9,1,,,
Nashim,Sota,9,2,,,
Nashim,Sota,9,3,,,
Nashim,Sota,9,4,,,
Nashim,Sota,9,5,,,
Nashim,Sota,9,6,,,
Nashim,Sota,9,7,,,
Nashim,Sota,9,8,,,
Nashim,Sota,9,9,,,
Nashim,Sota,9,10,,,
Nashim,Sota,9,11,,,
Nashim,Sota,9,12,,,
Nashim,Sota,9,13,,,
Nashim,Sota,9,14,,,
Nashim,Sota,9,15,,,
Nashim,Gittin,1,1,,,
Nashim,Gittin,1,2,,,
Nashim,Gittin,1,3,,,
Nashim,Gittin,1,4,,,
Nashim,Gittin,1,5,,,
Nashim,Gittin,1,6,,,
Nashim,Gittin,2,1,,,
Nashim,Gittin,2,2,,,
Nashim,Gittin,2,3,,,
Nashim,Gittin,2,4,,,
Nashim,Gittin,2,5,,,
Nashim,Gittin,2,6,,,
Nashim,Gittin,2,7,,,
Nashim,Gittin,3,1,,,
Nashim,Gittin,3,2,,,
Nashim,Gittin,3,3,,,
Nashim,Gittin,3,4,,,
Nashim,Gittin,3,5,,,
Nashim,Gittin,3,6,,,
Nashim,Gittin,3,7,,,
Nashim,Gittin,3,8,,,
Nashim,Gittin,4,1,,,
Nashim,Gittin,4,2,,,
Nashim,Gittin,4,3,,,
Nashim,Gittin,4,4,,,
Nashim,Gittin,4,5,,,
Nashim,Gittin,4,6,,,
Nashim,Gittin,4,7,,,
Nashim,Gittin,4,8,,,
Nashim,Gittin,4,9,,,
Nashim,Gittin,5,1,,,
Nashim,Gittin,5,2,,,
Nashim,Gittin,5,3,,,
Nashim,Gittin,5,4,,,
Nashim,Gittin,5,5,,,
Nashim,Gittin,5,6,,,
Nashim,Gittin,5,7,,,
Nashim,Gittin,5,8,,,
Nashim,Gittin,5,9,,,
Nashim,Gittin,6,1,,,
Nashim,Gittin,6,2,,,
Nashim,Gittin,6,3,,,
Nashim,Gittin,6,4,,,
Nashim,Gittin,6,5,,,
Nashim,Gittin,6,6,,,
Nashim,Gittin,6,7,,,
Nashim,Gittin,7,1,,,
Nashim,Gittin,7,2,,,
Nashim,Gittin,7,3,,,
Nashim,Gittin,7,4,,,
Nashim,Gittin,7,5,,,
Nashim,Gittin,7,6,,,
Nashim,Gittin,7,7,,,
Nashim,Gittin,7,8,,,
Nashim,Gittin,7,9,,,
Nashim,Gittin,8,1,,,
Nashim,Gittin,8,2,,,
Nashim,Gittin,8,3,,,
Nashim,Gittin,8,4,,,
Nashim,Gittin,8,5,,,
Nashim,Gittin,8,6,,,
Nashim,Gittin,8,7,,,
Nashim,Gittin,8,8,,,
Nashim,Gittin,8,9,,,
Nashim,Gittin,8,10,,,
Nashim,Gittin,9,1,,,
Nashim,Gittin,9,2,,,
Nashim,Gittin,9,3,,,
Nashim,Gittin,9,4,,,
Nashim,Gittin,9,5,,,
Nashim,Gittin,9,6,,,
Nashim,Gittin,9,7,,,
Nashim,Gittin,9,8,,,
Nashim,Gittin,9,9,,,
Nashim,Gittin,9,10,,,
Nashim,Kidushin,1,1,,,
Nashim,Kidushin,1,2,,,
Nashim,Kidushin,1,3,,,
Nashim,Kidushin,1,4,,,
Nashim,Kidushin,1,5,,,
Nashim,Kidushin,1,6,,,
Nashim,Kidushin,1,7,,,
Nashim,Kidushin,1,8,,,
Nashim,Kidushin,1,9,,,
Nashim,Kidushin,1,10,,,
Nashim,Kidushin,2,1,,,
Nashim,Kidushin,2,2,,,
Nashim,Kidushin,2,3,,,
Nashim,Kidushin,2,4,,,
Nashim,Kidushin,2,5,,,
Nashim,Kidushin,2,6,,,
Nashim,Kidushin,2,7,,,
Nashim,Kidushin,2,8,,,
Nashim,Kidushin,2,9,,,
Nashim,Kidushin,2,10,,,
Nashim,Kidushin,3,1,,,
Nashim,Kidushin,3,2,,,
Nashim,Kidushin,3,3,,,
Nashim,Kidushin,3,4,,,
Nashim,Kidushin,3,5,,,
Nashim,Kidushin,3,6,,,
Nashim,Kidushin,3,7,,,
Nashim,Kidushin,3,8,,,
Nashim,Kidushin,3,9,,,
Nashim,Kidushin,3,10,,,
Nashim,Kidushin,3,11,,,
Nashim,Kidushin,3,12,,,
Nashim,Kidushin,3,13,,,
Nashim,Kidushin,4,1,,,
Nashim,Kidushin,4,2,,,
Nashim,Kidushin,4,3,,,
Nashim,Kidushin,4,4,,,
Nashim,Kidushin,4,5,,,
Nashim,Kidushin,4,6,,,
Nashim,Kidushin,4,7,,,
Nashim,Kidushin,4,8,,,
Nashim,Kidushin,4,9,,,
Nashim,Kidushin,4,10,,,
Nashim,Kidushin,4,11,,,
Nashim,Kidushin,4,12,,,
Nashim,Kidushin,4,13,,,
Nashim,Kidushin,4,14,,,
Nezikin,Bava Kamma,1,1,,,
Nezikin,Bava Kamma,1,2,,,
Nezikin,Bava Kamma,1,3,,,
Nezikin,Bava Kamma,1,4,,,
Nezikin,Bava Kamma,2,1,,,
Nezikin,Bava Kamma,2,2,,,
Nezikin,Bava Kamma,2,3,,,
Nezikin,Bava Kamma,2,4,,,
Nezikin,Bava Kamma,2,5,,,
Nezikin,Bava Kamma,2,6,,,
Nezikin,Bava Kamma,3,1,,,
Nezikin,Bava Kamma,3,2,,,
Nezikin,Bava Kamma,3,3,,,
Nezikin,Bava Kamma,3,4,,,
Nezikin,Bava Kamma,3,5,,,
Nezikin,Bava Kamma,3,6,,,
Nezikin,Bava Kamma,3,7,,,
Nezikin,Bava Kamma,3,8,,,
Nezikin,Bava Kamma,3,9,,,
Nezikin,Bava Kamma,3,10,,,
Nezikin,Bava Kamma,3,11,,,
Nezikin,Bava Kamma,4,1,,,
Nezikin,Bava Kamma,4,2,,,
Nezikin,Bava Kamma,4,3,,,
Nezikin,Bava Kamma,4,4,,,
Nezikin,Bava Kamma,4,5,,,
Nezikin,Bava Kamma,4,6,,,
Nezikin,Bava Kamma,4,7,,,
Nezikin,Bava Kamma,4,8,,,
Nezikin,Bava Kamma,4,9,,,
Nezikin,Bava Kamma,5,1,,,
Nezikin,Bava Kamma,5,2,,,
Nezikin,Bava Kamma,5,3,,,
Nezikin,Bava Kamma,5,4,,,
Nezikin,Bava Kamma,5,5,,,
Nezikin,Bava Kamma,5,6,,,
Nezikin,Bava Kamma,5,7,,,
Nezikin,Bava Kamma,6,1,,,
Nezikin,Bava Kamma,6,2,,,
Nezikin,Bava Kamma,6,3,,,
Nezikin,Bava Kamma,6,4,,,
Nezikin,Bava Kamma,6,5,,,
Nezikin,Bava Kamma,6,6,,,
Nezikin,Bava Kamma,7,1,,,
Nezikin,Bava Kamma,7,2,,,
Nezikin,Bava Kamma,7,3,,,
Nezikin,Bava Kamma,7,4,,,
Nezikin,Bava Kamma,7,5,,,
Nezikin,Bava Kamma,7,6,,,
Nezikin,Bava Kamma,7,7,,,
Nezikin,Bava Kamma,8,1,,,
Nezikin,Bava Kamma,8,2,,,
Nezikin,Bava Kamma,8,3,,,
Nezikin,Bava Kamma,8,4,,,
Nezikin,Bava Kamma,8,5,,,
Nezikin,Bava Kamma,8,6,,,
Nezikin,Bava Kamma,8,7,,,
Nezikin,Bava Kamma,9,1,,,
Nezikin,Bava Kamma,9,2,,,
Nezikin,Bava Kamma,9,3,,,
Nezikin,Bava Kamma,9,4,,,
Nezikin,Bava Kamma,9,5,,,
Nezikin,Bava Kamma,9,6,,,
Nezikin,Bava Kamma,9,7,,,
Nezikin,Bava Kamma,9,8,,,
Nezikin,Bava Kamma,9,9,,,
Nezikin,Bava Kamma,9,10,,,
Nezikin,Bava Kamma,9,11,,,
Nezikin,Bava Kamma,9,12,,,
Nezikin,Bava Kamma,10,1,,,
Nezikin,Bava Kamma,10,2,,,
Nezikin,Bava Kamma,10,3,,,
Nezikin,Bava Kamma,10,4,,,
Nezikin,Bava Kamma,10,5,,,
Nezikin,Bava Kamma,10,6,,,
Nezikin,Bava Kamma,10,7,,,
Nezikin,Bava Kamma,10,8,,,
Nezikin,Bava Kamma,10,9,,,
Nezikin,Bava Kamma,10,10,,,
Nezikin,Bava Metzia,1,1,,,
Nezikin,Bava Metzia,1,2,,,
Nezikin,Bava Metzia,1,3,,,
Nezikin,Bava Metzia,1,4,,,
Nezikin,Bava Metzia,1,5,,,
Nezikin,Bava Metzia,1,6,,,
Nezikin,Bava Metzia,1,7,,,
Nezikin,Bava Metzia,1,8,,,
Nezikin,Bava Metzia,2,1,,,
Nezikin,Bava Metzia,2,2,,,
Nezikin,Bava Metzia,2,3,,,
Nezikin,Bava Metzia,2,4,,,
Nezikin,Bava Metzia,2,5,,,
Nezikin,Bava Metzia,2,6,,,
Nezikin,Bava Metzia,2,7,,,
Nezikin,Bava Metzia,2,8,,,
Nezikin,Bava Metzia,2,9,,,
Nezikin,Bava Metzia,2,10,,,
Nezikin,Bava Metzia,2,11,,,
Nezikin,Bava Metzia,3,1,,,
Nezikin,Bava Metzia,3,2,,,
Nezikin,Bava Metzia,3,3,,,
Nezikin,Bava Metzia,3,4,,,
Nezikin,Bava Metzia,3,5,,,
Nezikin,Bava Metzia,3,6,,,
Nezikin,Bava Metzia,3,7,,,
Nezikin,Bava Metzia,3,8,,,
Nezikin,Bava Metzia,3,9,,,
Nezikin,Bava Metzia,3,10,,,
Nezikin,Bava Metzia,3,11,,,
Nezikin,Bava Metzia,3,12,,,
Nezikin,Bava Metzia,4,1,,,
Nezikin,Bava Metzia,4,2,,,
Nezikin,Bava Metzia,4,3,,,
Nezikin,Bava Metzia,4,4,,,
Nezikin,Bava Metzia,4,5,,,
Nezikin,Bava Metzia,4,6,,,
Nezikin,Bava Metzia,4,7,,,
Nezikin,Bava Metzia,4,8,,,
Nezikin,Bava Metzia,4,9,,,
Nezikin,Bava Metzia,4,10,,,
Nezikin,Bava Metzia,4,11,,,
Nezikin,Bava Metzia,4,12,,,
Nezikin,Bava Metzia,5,1,,,
Nezikin,Bava Metzia,5,2,,,
Nezikin,Bava Metzia,5,3,,,
Nezikin,Bava Metzia,5,4,,,
Nezikin,Bava Metzia,5,5,,,
Nezikin,Bava Metzia,5,6,,,
Nezikin,Bava Metzia,5,7,,,
Nezikin,Bava Metzia,5,8,,,
Nezikin,Bava Metzia,5,9,,,
Nezikin,Bava Metzia,5,10,,,
Nezikin,Bava Metzia,5,11,,,
Nezikin,Bava Metzia,6,1,,,
Nezikin,Bava Metzia,6,2,,,
Nezikin,Bava Metzia,6,3,,,
Nezikin,Bava Metzia,6,4,,,
Nezikin,Bava Metzia,6,5,,,
Nezikin,Bava Metzia,6,6,,,
Nezikin,Bava Metzia,6,7,,,
Nezikin,Bava Metzia,6,8,,,
Nezikin,Bava Metzia,7,1,,,
Nezikin,Bava Metzia,7,2,,,
Nezikin,Bava Metzia,7,3,,,
Nezikin,Bava Metzia,7,4,,,
Nezikin,Bava Metzia,7,5,,,
Nezikin,Bava Metzia,7,6,,,
Nezikin,Bava Metzia,7,7,,,
Nezikin,Bava Metzia,7,8,,,
Nezikin,Bava Metzia,7,9,,,
Nezikin,Bava Metzia,7,10,,,
Nezikin,Bava Metzia,7,11,,,
Nezikin,Bava Metzia,8,1,,,
Nezikin,Bava Metzia,8,2,,,
Nezikin,Bava Metzia,8,3,,,
Nezikin,Bava Metzia,8,4,,,
Nezikin,Bava Metzia,8,5,,,
Nezikin,Bava Metzia,8,6,,,
Nezikin,Bava Metzia,8,7,,,
Nezikin,Bava Metzia,8,8,,,
Nezikin,Bava Metzia,8,9,,,
Nezikin,Bava Metzia,9,1,,,
Nezikin,Bava Metzia,9,2,,,
Nezikin,Bava Metzia,9,3,,,
Nezikin,Bava Metzia,9,4,,,
Nezikin,Bava Metzia,9,5,,,
Nezikin,Bava Metzia,9,6,,,
Nezikin,Bava Metzia,9,7,,,
Nezikin,Bava Metzia,9,8,,,
Nezikin,Bava Metzia,9,9,,,
Nezikin,Bava Metzia,9,10,,,
Nezikin,Bava Metzia,9,11,,,
Nezikin,Bava Metzia,9,12,,,
Nezikin,Bava Metzia,9,13,,,
Nezikin,Bava Metzia,10,1,,,
Nezikin,Bava Metzia,10,2,,,
Nezikin,Bava Metzia,10,3,,,
Nezikin,Bava Metzia,10,4,,,
Nezikin,Bava Metzia,10,5,,,
Nezikin,Bava Metzia,10,6,,,
Nezikin,Bava Batra,1,1,,,
Nezikin,Bava Batra,1,2,,,
Nezikin,Bava Batra,1,3,,,
Nezikin,Bava Batra,1,4,,,
Nezikin,Bava Batra,1,5,,,
Nezikin,Bava Batra,1,6,,,
Nezikin,Bava Batra,2,1,,,
Nezikin,Bava Batra,2,2,,,
Nezikin,Bava Batra,2,3,,,
Nezikin,Bava Batra,2,4,,,
Nezikin,Bava Batra,2,5,,,
Nezikin,Bava Batra,2,6,,,
Nezikin,Bava Batra,2,7,,,
Nezikin,Bava Batra,2,8,,,
Nezikin,Bava Batra,2,9,,,
Nezikin,Bava Batra,2,10,,,
Nezikin,Bava Batra,2,11,,,
Nezikin,Bava Batra,2,12,,,
Nezikin,Bava Batra,2,13,,,
Nezikin,Bava Batra,2,14,,,
Nezikin,Bava Batra,3,1,,,
Nezikin,Bava Batra,3,2,,,
Nezikin,Bava Batra,3,3,,,
Nezikin,Bava Batra,3,4,,,
Nezikin,Bava Batra,3,5,,,
Nezikin,Bava Batra,3,6,,,
Nezikin,Bava Batra,3,7,,,
Nezikin,Bava Batra,3,8,,,
Nezikin,Bava Batra,4,1,,,
Nezikin,Bava Batra,4,2,,,
Nezikin,Bava Batra,4,3,,,
Nezikin,Bava Batra,4,4,,,
Nezikin,Bava Batra,4,5,,,
Nezikin,Bava Batra,4,6,,,
Nezikin,Bava Batra,4,7,,,
Nezikin,Bava Batra,4,8,,,
Nezikin,Bava Batra,4,9,,,
Nezikin,Bava Batra,5,1,,,
Nezikin,Bava Batra,5,2,,,
Nezikin,Bava Batra,5,3,,,
Nezikin,Bava Batra,5,4,,,
Nezikin,Bava Batra,5,5,,,
Nezikin,Bava Batra,5,6,,,
Nezikin,Bava Batra,5,7,,,
Nezikin,Bava Batra,5,8,,,
Nezikin,Bava Batra,5,9,,,
Nezikin,Bava Batra,5,10,,,
Nezikin,Bava Batra,5,11,,,
Nezikin,Bava Batra,6,1,,,
Nezikin,Bava Batra,6,2,,,
Nezikin,Bava Batra,6,3,,,
Nezikin,Bava Batra,6,4,,,
Nezikin,Bava Batra,6,5,,,
Nezikin,Bava Batra,6,6,,,
Nezikin,Bava Batra,6,7,,,
Nezikin,Bava Batra,6,8,,,
Nezikin,Bava Batra,7,1,,,
Nezikin,Bava Batra,7,2,,,
Nezikin,Bava Batra,7,3,,,
Nezikin,Bava Batra,7,4,,,
Nezikin,Bava Batra,8,1,,,
Nezikin,Bava Batra,8,2,,,
Nezikin,Bava Batra,8,3,,,
Nezikin,Bava Batra,8,4,,,
Nezikin,Bava Batra,8,5,,,
Nezikin,Bava Batra,8,6,,,
Nezikin,Bava Batra,8,7,,,
Nezikin,Bava Batra,8,8,,,
Nezikin,Bava Batra,9,1,,,
Nezikin,Bava Batra,9,2,,,
Nezikin,Bava Batra,9,3,,,
Nezikin,Bava Batra,9,4,,,
Nezikin,Bava Batra,9,5,,,
Nezikin,Bava Batra,9,6,,,
Nezikin,Bava Batra,9,7,,,
Nezikin,Bava Batra,9,8,,,
Nezikin,Bava Batra,9,9,,,
Nezikin,Bava Batra,9,10,,,
Nezikin,Bava Batra,10,1,,,
Nezikin,Bava Batra,10,2,,,
Nezikin,Bava Batra,10,3,,,
Nezikin,Bava Batra,10,4,,,
Nezikin,Bava Batra,10,5,,,
Nezikin,Bava Batra,10,6,,,
Nezikin,Bava Batra,10,7,,,
Nezikin,Bava Batra,10,8,,,
Nezikin,Sanhedrin,1,1,,,
Nezikin,Sanhedrin,1,2,,,
Nezikin,Sanhedrin,1,3,,,
Nezikin,Sanhedrin,1,4,,,
Nezikin,Sanhedrin,1,5,,,
Nezikin,Sanhedrin,1,6,,,
Nezikin,Sanhedrin,2,1,,,
Nezikin,Sanhedrin,2,2,,,
Nezikin,Sanhedrin,2,3,,,
Nezikin,Sanhedrin,2,4,,,
Nezikin,Sanhedrin,2,5,,,
Nezikin,Sanhedrin,3,1,,,
Nezikin,Sanhedrin,3,2,,,
Nezikin,Sanhedrin,3,3,,,
Nezikin,Sanhedrin,3,4,,,
Nezikin,Sanhedrin,3,5,,,
Nezikin,Sanhedrin,3,6,,,
Nezikin,Sanhedrin,3,7,,,
Nezikin,Sanhedrin,3,8,,,
Nezikin,Sanhedrin,4,1,,,
Nezikin,Sanhedrin,4,2,,,
Nezikin,Sanhedrin,4,3,,,
Nezikin,Sanhedrin,4,4,,,
Nezikin,Sanhedrin,4,5,,,
Nezikin,Sanhedrin,5,1,,,
Nezikin,Sanhedrin,5,2,,,
Nezikin,Sanhedrin,5,3,,,
Nezikin,Sanhedrin,5,4,,,
Nezikin,Sanhedrin,5,5,,,
Nezikin,Sanhedrin,6,1,,,
Nezikin,Sanhedrin,6,2,,,
Nezikin,Sanhedrin,6,3,,,
Nezikin,Sanhedrin,6,4,,,
Nezikin,Sanhedrin,6,5,,,
Nezikin,Sanhedrin,6,6,,,
Nezikin,Sanhedrin,7,1,,,
Nezikin,Sanhedrin,7,2,,,
Nezikin,Sanhedrin,7,3,,,
Nezikin,Sanhedrin,7,4,,,
Nezikin,Sanhedrin,7,5,,,
Nezikin,Sanhedrin,7,6,,,
Nezikin,Sanhedrin,7,7,,,
Nezikin,Sanhedrin,7,8,,,
Nezikin,Sanhedrin,7,9,,,
Nezikin,Sanhedrin,7,10,,,
Nezikin,Sanhedrin,7,11,,,
Nezikin,Sanhedrin,8,1,,,
Nezikin,Sanhedrin,8,2,,,
Nezikin,Sanhedrin,8,3,,,
Nezikin,Sanhedrin,8,4,,,
Nezikin,Sanhedrin,8,5,,,
Nezikin,Sanhedrin,8,6,,,
Nezikin,Sanhedrin,8,7,,,
Nezikin,Sanhedrin,9,1,,,
Nezikin,Sanhedrin,9,2,,,
Nezikin,Sanhedrin,9,3,,,
Nezikin,Sanhedrin,9,4,,,
Nezikin,Sanhedrin,9,5,,,
Nezikin,Sanhedrin,9,6,,,
Nezikin,Sanhedrin,10,1,,,
Nezikin,Sanhedrin,10,2,,,
Nezikin,Sanhedrin,10,3,,,
Nezikin,Sanhedrin,10,4,,,
Nezikin,Sanhedrin,10,5,,,
Nezikin,Sanhedrin,10,6,,,
Nezikin,Sanhedrin,11,1,,,
Nezikin,Sanhedrin,11,2,,,
Nezikin,Sanhedrin,11,3,,,
Nezikin,Sanhedrin,11,4,,,
Nezikin,Sanhedrin,11,5,,,
Nezikin,Sanhedrin,11,6,,,
Nezikin,Makkot,1,1,,,
Nezikin,Makkot,1,2,,,
Nezikin,Makkot,1,3,,,
Nezikin,Makkot,1,4,,,
Nezikin,Makkot,1,5,,,
Nezikin,Makkot,1,6,,,
Nezikin,Makkot,1,7,,,
Nezikin,Makkot,1,8,,,
Nezikin,Makkot,1,9,,,
Nezikin,Makkot,1,10,,,
Nezikin,Makkot,2,1,,,
Nezikin,Makkot,2,2,,,
Nezikin,Makkot,2,3,,,
Nezikin,Makkot,2,4,,,
Nezikin,Makkot,2,5,,,
Nezikin,Makkot,2,6,,,
Nezikin,Makkot,2,7,,,
Nezikin,Makkot,2,8,,,
Nezikin,Makkot,3,1,,,
Nezikin,Makkot,3,2,,,
Nezikin,Makkot,3,3,,,
Nezikin,Makkot,3,4,,,
Nezikin,Makkot,3,5,,,
Nezikin,Makkot,3,6,,,
Nezikin,Makkot,3,7,,,
Nezikin,Makkot,3,8,,,
Nezikin,Makkot,3,9,,,
Nezikin,Makkot,3,10,,,
Nezikin,Makkot,3,11,,,
Nezikin,Makkot,3,12,,,
Nezikin,Makkot,3,13,,,
Nezikin,Makkot,3,14,,,
Nezikin,Makkot,3,15,,,
Nezikin,Makkot,3,16,,,
Nezikin,Shevuot,1,1,,,
Nezikin,Shevuot,1,2,,,
Nezikin,Shevuot,1,3,,,
Nezikin,Shevuot,1,4,,,
Nezikin,Shevuot,1,5,,,
Nezikin,Shevuot,1,6,,,
Nezikin,Shevuot,1,7,,,
Nezikin,Shevuot,2,1,,,
Nezikin,Shevuot,2,2,,,
Nezikin,Shevuot,2,3,,,
Nezikin,Shevuot,2,4,,,
Nezikin,Shevuot,2,5,,,
Nezikin,Shevuot,3,1,,,
Nezikin,Shevuot,3,2,,,
Nezikin,Shevuot,3,3,,,
Nezikin,Shevuot,3,4,,,
Nezikin,Shevuot,3,5,,,
Nezikin,Shevuot,3,6,,,
Nezikin,Shevuot,3,7,,,
Nezikin,Shevuot,3,8,,,
Nezikin,Shevuot,3,9,,,
Nezikin,Shevuot,3,10,,,
Nezikin,Shevuot,3,11,,,
Nezikin,Shevuot,4,1,,,
Nezikin,Shevuot,4,2,,,
Nezikin,Shevuot,4,3,,,
Nezikin,Shevuot,4,4,,,
Nezikin,Shevuot,4,5,,,
Nezikin,Shevuot,4,6,,,
Nezikin,Shevuot,4,7,,,
Nezikin,Shevuot,4,8,,,
Nezikin,Shevuot,4,9,,,
Nezikin,Shevuot,4,10,,,
Nezikin,Shevuot,4,11,,,
Nezikin,Shevuot,4,12,,,
Nezikin,Shevuot,4,13,,,
Nezikin,Shevuot,5,1,,,
Nezikin,Shevuot,5,2,,,
Nezikin,Shevuot,5,3,,,
Nezikin,Shevuot,5,4,,,
Nezikin,Shevuot,5,5,,,
Nezikin,Shevuot,6,1,,,
Nezikin,Shevuot,6,2,,,
Nezikin,Shevuot,6,3,,,
Nezikin,Shevuot,6,4,,,
Nezikin,Shevuot,6,5,,,
Nezikin,Shevuot,6,6,,,
Nezikin,Shevuot,6,7,,,
Nezikin,Shevuot,7,1,,,
Nezikin,Shevuot,7,2,,,
Nezikin,Shevuot,7,3,,,
Nezikin,Shevuot,7,4,,,
Nezikin,Shevuot,7,5,,,
Nezikin,Shevuot,7,6,,,
Nezikin,Shevuot,7,7,,,
Nezikin,Shevuot,7,8,,,
Nezikin,Shevuot,8,1,,,
Nezikin,Shevuot,8,2,,,
Nezikin,Shevuot,8,3,,,
Nezikin,Shevuot,8,4,,,
Nezikin,Shevuot,8,5,,,
Nezikin,Shevuot,8,6,,,
Nezikin,Eduyot,1,1,,,
Nezikin,Eduyot,1,2,,,
Nezikin,Eduyot,1,3,,,
Nezikin,Eduyot,1,4,,,
Nezikin,Eduyot,1,5,,,
Nezikin,Eduyot,1,6,,,
Nezikin,Eduyot,1,7,,,
Nezikin,Eduyot,1,8,,,
Nezikin,Eduyot,1,9,,,
Nezikin,Eduyot,1,10,,,
Nezikin,Eduyot,1,11,,,
Nezikin,Eduyot,1,12,,,
Nezikin,Eduyot,1,13,,,
Nezikin,Eduyot,1,14,,,
Nezikin,Eduyot,2,1,,,
Nezikin,Eduyot,2,2,,,
Nezikin,Eduyot,2,3,,,
Nezikin,Eduyot,2,4,,,
Nezikin,Eduyot,2,5,,,
Nezikin,Eduyot,2,6,,,
Nezikin,Eduyot,2,7,,,
Nezikin,Eduyot,2,8,,,
Nezikin,Eduyot,2,9,,,
Nezikin,Eduyot,2,10,,,
Nezikin,Eduyot,3,1,,,
Nezikin,Eduyot,3,2,,,
Nezikin,Eduyot,3,3,,,
Nezikin,Eduyot,3,4,,,
Nezikin,Eduyot,3,5,,,
Nezikin,Eduyot,3,6,,,
Nezikin,Eduyot,3,7,,,
Nezikin,Eduyot,3,8,,,
Nezikin,Eduyot,3,9,,,
Nezikin,Eduyot,3,10,,,
Nezikin,Eduyot,3,11,,,
Nezikin,Eduyot,3,12,,,
Nezikin,Eduyot,4,1,,,
Nezikin,Eduyot,4,2,,,
Nezikin,Eduyot,4,3,,,
Nezikin,Eduyot,4,4,,,
Nezikin,Eduyot,4,5,,,
Nezikin,Eduyot,4,6,,,
Nezikin,Eduyot,4,7,,,
Nezikin,Eduyot,4,8,,,
Nezikin,Eduyot,4,9,,,
Nezikin,Eduyot,4,10,,,
Nezikin,Eduyot,4,11,,,
Nezikin,Eduyot,4,12,,,
Nezikin,Eduyot,5,1,,,
Nezikin,Eduyot,5,2,,,
Nezikin,Eduyot,5,3,,,
Nezikin,Eduyot,5,4,,,
Nezikin,Eduyot,5,5,,,
Nezikin,Eduyot,5,6,,,
Nezikin,Eduyot,5,7,,,
Nezikin,Eduyot,6,1,,,
Nezikin,Eduyot,6,2,,,
Nezikin,Eduyot,6,3,,,
Nezikin,Eduyot,7,1,,,
Nezikin,Eduyot,7,2,,,
Nezikin,Eduyot,7,3,,,
Nezikin,Eduyot,7,4,,,
Nezikin,Eduyot,7,5,,,
Nezikin,Eduyot,7,6,,,
Nezikin,Eduyot,7,7,,,
Nezikin,Eduyot,7,8,,,
Nezikin,Eduyot,7,9,,,
Nezikin,Eduyot,8,1,,,
Nezikin,Eduyot,8,2,,,
Nezikin,Eduyot,8,3,,,
Nezikin,Eduyot,8,4,,,
Nezikin,Eduyot,8,5,,,
Nezikin,Eduyot,8,6,,,
Nezikin,Eduyot,8,7,,,
Nezikin,Avoda Zara,1,1,,,
Nezikin,Avoda Zara,1,2,,,
Nezikin,Avoda Zara,1,3,,,
Nezikin,Avoda Zara,1,4,,,
Nezikin,Avoda Zara,1,5,,,
Nezikin,Avoda Zara,1,6,,,
Nezikin,Avoda Zara,1,7,,,
Nezikin,Avoda Zara,1,8,,,
Nezikin,Avoda Zara,1,9,,,
Nezikin,Avoda Zara,2,1,,,
Nezikin,Avoda Zara,2,2,,,
Nezikin,Avoda Zara,2,3,,,
Nezikin,Avoda Zara,2,4,,,
Nezikin,Avoda Zara,2,5,,,
Nezikin,Avoda Zara,2,6,,,
Nezikin,Avoda Zara,2,7,,,
Nezikin,Avoda Zara,3,1,,,
Nezikin,Avoda Zara,3,2,,,
Nezikin,Avoda Zara,3,3,,,
Nezikin,Avoda Zara,3,4,,,
Nezikin,Avoda Zara,3,5,,,
Nezikin,Avoda Zara,3,6,,,
Nezikin,Avoda Zara,3,7,,,
Nezikin,Avoda Zara,3,8,,,
Nezikin,Avoda Zara,3,9,,,
Nezikin,Avoda Zara,3,10,,,
Nezikin,Avoda Zara,4,1,,,
Nezikin,Avoda Zara,4,2,,,
Nezikin,Avoda Zara,4,3,,,
Nezikin,Avoda Zara,4,4,,,
Nezikin,Avoda Zara,4,5,,,
Nezikin,Avoda Zara,4,6,,,
Nezikin,Avoda Zara,4,7,,,
Nezikin,Avoda Zara,4,8,,,
Nezikin,Avoda Zara,4,9,,,
Nezikin,Avoda Zara,4,10,,,
Nezikin,Avoda Zara,4,11,,,
Nezikin,Avoda Zara,4,12,,,
Nezikin,Avoda Zara,5,1,,,
Nezikin,Avoda Zara,5,2,,,
Nezikin,Avoda Zara,5,3,,,
Nezikin,Avoda Zara,5,4,,,
Nezikin,Avoda Zara,5,5,,,
Nezikin,Avoda Zara,5,6,,,
Nezikin,Avoda Zara,5,7,,,
Nezikin,Avoda Zara,5,8,,,
Nezikin,Avoda Zara,5,9,,,
Nezikin,Avoda Zara,5,10,,,
Nezikin,Avoda Zara,5,11,,,
Nezikin,Avoda Zara,5,12,,,
Nezikin,Avot,1,1,,,
Nezikin,Avot,1,2,,,
Nezikin,Avot,1,3,,,
Nezikin,Avot,1,4,,,
Nezikin,Avot,1,5,,,
Nezikin,Avot,1,6,,,
Nezikin,Avot,1,7,,,
Nezikin,Avot,1,8,,,
Nezikin,Avot,1,9,,,
Nezikin,Avot,1,10,,,
Nezikin,Avot,1,11,,,
Nezikin,Avot,1,12,,,
Nezikin,Avot,1,13,,,
Nezikin,Avot,1,14,,,
Nezikin,Avot,1,15,,,
Nezikin,Avot,1,16,,,
Nezikin,Avot,1,17,,,
Nezikin,Avot,1,18,,,
Nezikin,Avot,2,1,,,
Nezikin,Avot,2,2,,,
Nezikin,Avot,2,3,,,
Nezikin,Avot,2,4,,,
Nezikin,Avot,2,5,,,
Nezikin,Avot,2,6,,,
Nezikin,Avot,2,7,,,
Nezikin,Avot,2,8,,,
Nezikin,Avot,2,9,,,
Nezikin,Avot,2,10,,,
Nezikin,Avot,2,11,,,
Nezikin,Avot,2,12,,,
Nezikin,Avot,2,13,,,
Nezikin,Avot,2,14,,,
Nezikin,Avot,2,15,,,
Nezikin,Avot,2,16,,,
Nezikin,Avot,3,1,,,
Nezikin,Avot,3,2,,,
Nezikin,Avot,3,3,,,
Nezikin,Avot,3,4,,,
Nezikin,Avot,3,5,,,
Nezikin,Avot,3,6,,,
Nezikin,Avot,3,7,,,
Nezikin,Avot,3,8,,,
Nezikin,Avot,3,9,,,
Nezikin,Avot,3,10,,,
Nezikin,Avot,3,11,,,
Nezikin,Avot,3,12,,,
Nezikin,Avot,3,13,,,
Nezikin,Avot,3,14,,,
Nezikin,Avot,3,15,,,
Nezikin,Avot,3,16,,,
Nezikin,Avot,3,17,,,
Nezikin,Avot,3,18,,,
Nezikin,Avot,4,1,,,
Nezikin,Avot,4,2,,,
Nezikin,Avot,4,3,,,
Nezikin,Avot,4,4,,,
Nezikin,Avot,4,5,,,
Nezikin,Avot,4,6,,,
Nezikin,Avot,4,7,,,
Nezikin,Avot,4,8,,,
Nezikin,Avot,4,9,,,
Nezikin,Avot,4,10,,,
Nezikin,Avot,4,11,,,
Nezikin,Avot,4,12,,,
Nezikin,Avot,4,13,,,
Nezikin,Avot,4,14,,,
Nezikin,Avot,4,15,,,
Nezikin,Avot,4,16,,,
Nezikin,Avot,4,17,,,
Nezikin,Avot,4,18,,,
Nezikin,Avot,4,19,,,
Nezikin,Avot,4,20,,,
Nezikin,Avot,4,21,,,
Nezikin,Avot,4,22,,,
Nezikin,Avot,5,1,,,
Nezikin,Avot,5,2,,,
Nezikin,Avot,5,3,,,
Nezikin,Avot,5,4,,,
Nezikin,Avot,5,5,,,
Nezikin,Avot,5,6,,,
Nezikin,Avot,5,7,,,
Nezikin,Avot,5,8,,,
Nezikin,Avot,5,9,,,
Nezikin,Avot,5,10,,,
Nezikin,Avot,5,11,,,
Nezikin,Avot,5,12,,,
Nezikin,Avot,5,13,,,
Nezikin,Avot,5,14,,,
Nezikin,Avot,5,15,,,
Nezikin,Avot,5,16,,,
Nezikin,Avot,5,17,,,
Nezikin,Avot,5,18,,,
Nezikin,Avot,5,19,,,
Nezikin,Avot,5,20,,,
Nezikin,Avot,5,21,,,
Nezikin,Avot,5,22,,,
Nezikin,Avot,5,23,,,
Nezikin,Avot,6,1,,,
Nezikin,Avot,6,2,,,
Nezikin,Avot,6,3,,,
Nezikin,Avot,6,4,,,
Nezikin,Avot,6,5,,,
Nezikin,Avot,6,6,,,
Nezikin,Avot,6,7,,,
Nezikin,Avot,6,8,,,
Nezikin,Avot,6,9,,,
Nezikin,Avot,6,10,,,
Nezikin,Avot,6,11,,,
Nezikin,Horayot,1,1,,,
Nezikin,Horayot,1,2,,,
Nezikin,Horayot,1,3,,,
Nezikin,Horayot,1,4,,,
Nezikin,Horayot,1,5,,,
Nezikin,Horayot,2,1,,,
Nezikin,Horayot,2,2,,,
Nezikin,Horayot,2,3,,,
Nezikin,Horayot,2,4,,,
Nezikin,Horayot,2,5,,,
Nezikin,Horayot,2,6,,,
Nezikin,Horayot,2,7,,,
Nezikin,Horayot,3,1,,,
Nezikin,Horayot,3,2,,,
Nezikin,Horayot,3,3,,,
Nezikin,Horayot,3,4,,,
Nezikin,Horayot,3,5,,,
Nezikin,Horayot,3,6,,,
Nezikin,Horayot,3,7,,,
Nezikin,Horayot,3,8,,,
Kadashim,Zevahim,1,1,,,
Kadashim,Zevahim,1,2,,,
Kadashim,Zevahim,1,3,,,
Kadashim,Zevahim,1,4,,,
Kadashim,Zevahim,2,1,,,
Kadashim,Zevahim,2,2,,,
Kadashim,Zevahim,2,3,,,
Kadashim,Zevahim,2,4,,,
Kadashim,Zevahim,2,5,,,
Kadashim,Zevahim,3,1,,,
Kadashim,Zevahim,3,2,,,
Kadashim,Zevahim,3,3,,,
Kadashim,Zevahim,3,4,,,
Kadashim,Zevahim,3,5,,,
Kadashim,Zevahim,3,6,,,
Kadashim,Zevahim,4,1,,,
Kadashim,Zevahim,4,2,,,
Kadashim,Zevahim,4,3,,,
Kadashim,Zevahim,4,4,,,
Kadashim,Zevahim,4,5,,,
Kadashim,Zevahim,4,6,,,
Kadashim,Zevahim,5,1,,,
Kadashim,Zevahim,5,2,,,
Kadashim,Zevahim,5,3,,,
Kadashim,Zevahim,5,4,,,
Kadashim,Zevahim,5,5,,,
Kadashim,Zevahim,5,6,,,
Kadashim,Zevahim,5,7,,,
Kadashim,Zevahim,5,8,,,
Kadashim,Zevahim,6,1,,,
Kadashim,Zevahim,6,2,,,
Kadashim,Zevahim,6,3,,,
Kadashim,Zevahim,6,4,,,
Kadashim,Zevahim,6,5,,,
Kadashim,Zevahim,6,6,,,
Kadashim,Zevahim,6,7,,,
Kadashim,Zevahim,7,1,,,
Kadashim,Zevahim,7,2,,,
Kadashim,Zevahim,7,3,,,
Kadashim,Zevahim,7,4,,,
Kadashim,Zevahim,7,5,,,
Kadashim,Zevahim,7,6,,,
Kadashim,Zevahim,8,1,,,
Kadashim,Zevahim,8,2,,,
Kadashim,Zevahim,8,3,,,
Kadashim,Zevahim,8,4,,,
Kadashim,Zevahim,8,5,,,
Kadashim,Zevahim,8,6,,,
Kadashim,Zevahim,8,7,,,
Kadashim,Zevahim,8,8,,,
Kadashim,Zevahim,8,9,,,
Kadashim,Zevahim,8,10,,,
Kadashim,Zevahim,8,11,,,
Kadashim,Zevahim,8,12,,,
Kadashim,Zevahim,9,1,,,
Kadashim,Zevahim,9,2,,,
Kadashim,Zevahim,9,3,,,
Kadashim,Zevahim,9,4,,,
Kadashim,Zevahim,9,5,,,
Kadashim,Zevahim,9,6,,,
Kadashim,Zevahim,9,7,,,
Kadashim,Zevahim,10,1,,,
Kadashim,Zevahim,10,2,,,
Kadashim,Zevahim,10,3,,,
Kadashim,Zevahim,10,4,,,
Kadashim,Zevahim,10,5,,,
Kadashim,Zevahim,10,6,,,
Kadashim,Zevahim,10,7,,,
Kadashim,Zevahim,10,8,,,
Kadashim,Zevahim,11,1,,,
Kadashim,Zevahim,11,2,,,
Kadashim,Zevahim,11,3,,,
Kadashim,Zevahim,11,4,,,
Kadashim,Zevahim,11,5,,,
Kadashim,Zevahim,11,6,,,
Kadashim,Zevahim,11,7,,,
Kadashim,Zevahim,11,8,,,
Kadashim,Zevahim,12,1,,,
Kadashim,Zevahim,12,2,,,
Kadashim,Zevahim,12,3,,,
Kadashim,Zevahim,12,4,,,
Kadashim,Zevahim,12,5,,,
Kadashim,Zevahim,12,6,,,
Kadashim,Zevahim,13,1,,,
Kadashim,Zevahim,13,2,,,
Kadashim,Zevahim,13,3,,,
Kadashim,Zevahim,13,4,,,
Kadashim,Zevahim,13,5,,,
Kadashim,Zevahim,13,6,,,
Kadashim,Zevahim,13,7,,,
Kadashim,Zevahim,13,8,,,
Kadashim,Zevahim,14,1,,,
Kadashim,Zevahim,14,2,,,
Kadashim,Zevahim,14,3,,,
Kadashim,Zevahim,14,4,,,
Kadashim,Zevahim,14,5,,,
Kadashim,Zevahim,14,6,,,
Kadashim,Zevahim,14,7,,,
Kadashim,Zevahim,14,8,,,
Kadashim,Zevahim,14,9,,,
Kadashim,Zevahim,14,10,,,
Kadashim,Menahot,1,1,,,
Kadashim,Menahot,1,2,,,
Kadashim,Menahot,1,3,,,
Kadashim,Menahot,1,4,,,
Kadashim,Menahot,2,1,,,
Kadashim,Menahot,2,2,,,
Kadashim,Menahot,2,3,,,
Kadashim,Menahot,2,4,,,
Kadashim,Menahot,2,5,,,
Kadashim,Menahot,3,1,,,
Kadashim,Menahot,3,2,,,
Kadashim,Menahot,3,3,,,
Kadashim,Menahot,3,4,,,
Kadashim,Menahot,3,5,,,
Kadashim,Menahot,3,6,,,
Kadashim,Menahot,3,7,,,
Kadashim,Menahot,4,1,,,
Kadashim,Menahot,4,2,,,
Kadashim,Menahot,4,3,,,
Kadashim,Menahot,4,4,,,
Kadashim,Menahot,4,5,,,
Kadashim,Menahot,5,1,,,
Kadashim,Menahot,5,2,,,
Kadashim,Menahot,5,3,,,
Kadashim,Menahot,5,4,,,
Kadashim,Menahot,5,5,,,
Kadashim,Menahot,5,6,,,
Kadashim,Menahot,5,7,,,
Kadashim,Menahot,5,8,,,
Kadashim,Menahot,5,9,,,
Kadashim,Menahot,6,1,,,
Kadashim,Menahot,6,2,,,
Kadashim,Menahot,6,3,,,
Kadashim,Menahot,6,4,,,
Kadashim,Menahot,6,5,,,
Kadashim,Menahot,6,6,,,
Kadashim,Menahot,6,7,,,
Kadashim,Menahot,7,1,,,
Kadashim,Menahot,7,2,,,
Kadashim,Menahot,7,3,,,
Kadashim,Menahot,7,4,,,
Kadashim,Menahot,7,5,,,
Kadashim,Menahot,7,6,,,
Kadashim,Menahot,8,1,,,
Kadashim,Menahot,8,2,,,
Kadashim,Menahot,8,3,,,
Kadashim,Menahot,8,4,,,
Kadashim,Menahot,8,5,,,
Kadashim,Menahot,8,6,,,
Kadashim,Menahot,8,7,,,
Kadashim,Menahot,9,1,,,
Kadashim,Menahot,9,2,,,
Kadashim,Menahot,9,3,,,
Kadashim,Menahot,9,4,,,
Kadashim,Menahot,9,5,,,
Kadashim,Menahot,9,6,,,
Kadashim,Menahot,9,7,,,
Kadashim,Menahot,9,8,,,
Kadashim,Menahot,9,9,,,
Kadashim,Menahot,10,1,,,
Kadashim,Menahot,10,2,,,
Kadashim,Menahot,10,3,,,
Kadashim,Menahot,10,4,,,
Kadashim,Menahot,10,5,,,
Kadashim,Menahot,10,6,,,
Kadashim,Menahot,10,7,,,
Kadashim,Menahot,10,8,,,
Kadashim,Menahot,10,9,,,
Kadashim,Menahot,11,1,,,
Kadashim,Menahot,11,2,,,
Kadashim,Menahot,11,3,,,
Kadashim,Menahot,11,4,,,
Kadashim,Menahot,11,5,,,
Kadashim,Menahot,11,6,,,
Kadashim,Menahot,11,7,,,
Kadashim,Menahot,11,8,,,
Kadashim,Menahot,11,9,,,
Kadashim,Menahot,12,1,,,
Kadashim,Menahot,12,2,,,
Kadashim,Menahot,12,3,,,
Kadashim,Menahot,12,4,,,
Kadashim,Menahot,12,5,,,
Kadashim,Menahot,13,1,,,
Kadashim,Menahot,13,2,,,
Kadashim,Menahot,13,3,,,
Kadashim,Menahot,13,4,,,
Kadashim,Menahot,13,5,,,
Kadashim,Menahot,13,6,,,
Kadashim,Menahot,13,7,,,
Kadashim,Menahot,13,8,,,
Kadashim,Menahot,13,9,,,
Kadashim,Menahot,13,10,,,
Kadashim,Menahot,13,11,,,
Kadashim,Hullin,1,1,,,
Kadashim,Hullin,1,2,,,
Kadashim,Hullin,1,3,,,
Kadashim,Hullin,1,4,,,
Kadashim,Hullin,1,5,,,
Kadashim,Hullin,1,6,,,
Kadashim,Hullin,1,7,,,
Kadashim,Hullin,2,1,,,
Kadashim,Hullin,2,2,,,
Kadashim,Hullin,2,3,,,
Kadashim,Hullin,2,4,,,
Kadashim,Hullin,2,5,,,
Kadashim,Hullin,2,6,,,
Kadashim,Hullin,2,7,,,
Kadashim,Hullin,2,8,,,
Kadashim,Hullin,2,9,,,
Kadashim,Hullin,2,10,,,
Kadashim,Hullin,3,1,,,
Kadashim,Hullin,3,2,,,
Kadashim,Hullin,3,3,,,
Kadashim,Hullin,3,4,,,
Kadashim,Hullin,3,5,,,
Kadashim,Hullin,3,6,,,
Kadashim,Hullin,3,7,,,
Kadashim,Hullin,4,1,,,
Kadashim,Hullin,4,2,,,
Kadashim,Hullin,4,3,,,
Kadashim,Hullin,4,4,,,
Kadashim,Hullin,4,5,,,
Kadashim,Hullin,4,6,,,
Kadashim,Hullin,4,7,,,
Kadashim,Hullin,5,1,,,
Kadashim,Hullin,5,2,,,
Kadashim,Hullin,5,3,,,
Kadashim,Hullin,5,4,,,
Kadashim,Hullin,5,5,,,
Kadashim,Hullin,6,1,,,
Kadashim,Hullin,6,2,,,
Kadashim,Hullin,6,3,,,
Kadashim,Hullin,6,4,,,
Kadashim,Hullin,6,5,,,
Kadashim,Hullin,6,6,,,
Kadashim,Hullin,6,7,,,
Kadashim,Hullin,7,1,,,
Kadashim,Hullin,7,2,,,
Kadashim,Hullin,7,3,,,
Kadashim,Hullin,7,4,,,
Kadashim,Hullin,7,5,,,
Kadashim,Hullin,7,6,,,
Kadashim,Hullin,8,1,,,
Kadashim,Hullin,8,2,,,
Kadashim,Hullin,8,3,,,
Kadashim,Hullin,8,4,,,
Kadashim,Hullin,8,5,,,
Kadashim,Hullin,8,6,,,
Kadashim,Hullin,9,1,,,
Kadashim,Hullin,9,2,,,
Kadashim,Hullin,9,3,,,
Kadashim,Hullin,9,4,,,
Kadashim,Hullin,9,5,,,
Kadashim,Hullin,9,6,,,
Kadashim,Hullin,9,7,,,
Kadashim,Hullin,9,8,,,
Kadashim,Hullin,10,1,,,
Kadashim,Hullin,10,2,,,
Kadashim,Hullin,10,3,,,
Kadashim,Hullin,10,4,,,
Kadashim,Hullin,11,1,,,
Kadashim,Hullin,11,2,,,
Kadashim,Hullin,12,1,,,
Kadashim,Hullin,12,2,,,
Kadashim,Hullin,12,3,,,
Kadashim,Hullin,12,4,,,
Kadashim,Hullin,12,5,,,
Kadashim,Bechorot,1,1,,,
Kadashim,Bechorot,1,2,,,
Kadashim,Bechorot,1,3,,,
Kadashim,Bechorot,1,4,,,
Kadashim,Bechorot,1,5,,,
Kadashim,Bechorot,1,6,,,
Kadashim,Bechorot,1,7,,,
Kadashim,Bechorot,2,1,,,
Kadashim,Bechorot,2,2,,,
Kadashim,Bechorot,2,3,,,
Kadashim,Bechorot,2,4,,,
Kadashim,Bechorot,2,5,,,
Kadashim,Bechorot,2,6,,,
Kadashim,Bechorot,2,7,,,
Kadashim,Bechorot,2,8,,,
Kadashim,Bechorot,2,9,,,
Kadashim,Bechorot,3,1,,,
Kadashim,Bechorot,3,2,,,
Kadashim,Bechorot,3,3,,,
Kadashim,Bechorot,3,4,,,
Kadashim,Bechorot,4,1,,,
Kadashim,Bechorot,4,2,,,
Kadashim,Bechorot,4,3,,,
Kadashim,Bechorot,4,4,,,
Kadashim,Bechorot,4,5,,,
Kadashim,Bechorot,4,6,,,
Kadashim,Bechorot,4,7,,,
Kadashim,Bechorot,4,8,,,
Kadashim,Bechorot,4,9,,,
Kadashim,Bechorot,4,10,,,
Kadashim,Bechorot,5,1,,,
Kadashim,Bechorot,5,2,,,
Kadashim,Bechorot,5,3,,,
Kadashim,Bechorot,5,4,,,
Kadashim,Bechorot,5,5,,,
Kadashim,Bechorot,5,6,,,
Kadashim,Bechorot,6,1,,,
Kadashim,Bechorot,6,2,,,
Kadashim,Bechorot,6,3,,,
Kadashim,Bechorot,6,4,,,
Kadashim,Bechorot,6,5,,,
Kadashim,Bechorot,6,6,,,
Kadashim,Bechorot,6,7,,,
Kadashim,Bechorot,6,8,,,
Kadashim,Bechorot,6,9,,,
Kadashim,Bechorot,6,10,,,
Kadashim,Bechorot,6,11,,,
Kadashim,Bechorot,6,12,,,
Kadashim,Bechorot,7,1,,,
Kadashim,Bechorot,7,2,,,
Kadashim,Bechorot,7,3,,,
Kadashim,Bechorot,7,4,,,
Kadashim,Bechorot,7,5,,,
Kadashim,Bechorot,7,6,,,
Kadashim,Bechorot,7,7,,,
Kadashim,Bechorot,8,1,,,
Kadashim,Bechorot,8,2,,,
Kadashim,Bechorot,8,3,,,
Kadashim,Bechorot,8,4,,,
Kadashim,Bechorot,8,5,,,
Kadashim,Bechorot,8,6,,,
Kadashim,Bechorot,8,7,,,
Kadashim,Bechorot,8,8,,,
Kadashim,Bechorot,8,9,,,
Kadashim,Bechorot,8,10,,,
Kadashim,Bechorot,9,1,,,
Kadashim,Bechorot,9,2,,,
Kadashim,Bechorot,9,3,,,
Kadashim,Bechorot,9,4,,,
Kadashim,Bechorot,9,5,,,
Kadashim,Bechorot,9,6,,,
Kadashim,Bechorot,9,7,,,
Kadashim,Bechorot,9,8,,,
Kadashim,Arachin,1,1,,,
Kadashim,Arachin,1,2,,,
Kadashim,Arachin,1,3,,,
Kadashim,Arachin,1,4,,,
Kadashim,Arachin,2,1,,,
Kadashim,Arachin,2,2,,,
Kadashim,Arachin,2,3,,,
Kadashim,Arachin,2,4,,,
Kadashim,Arachin,2,5,,,
Kadashim,Arachin,2,6,,,
Kadashim,Arachin,3,1,,,
Kadashim,Arachin,3,2,,,
Kadashim,Arachin,3,3,,,
Kadashim,Arachin,3,4,,,
Kadashim,Arachin,3,5,,,
Kadashim,Arachin,4,1,,,
Kadashim,Arachin,4,2,,,
Kadashim,Arachin,4,3,,,
Kadashim,Arachin,4,4,,,
Kadashim,Arachin,5,1,,,
Kadashim,Arachin,5,2,,,
Kadashim,Arachin,5,3,,,
Kadashim,Arachin,5,4,,,
Kadashim,Arachin,5,5,,,
Kadashim,Arachin,5,6,,,
Kadashim,Arachin,6,1,,,
Kadashim,Arachin,6,2,,,
Kadashim,Arachin,6,3,,,
Kadashim,Arachin,6,4,,,
Kadashim,Arachin,6,5,,,
Kadashim,Arachin,7,1,,,
Kadashim,Arachin,7,2,,,
Kadashim,Arachin,7,3,,,
Kadashim,Arachin,7,4,,,
Kadashim,Arachin,7,5,,,
Kadashim,Arachin,8,1,,,
Kadashim,Arachin,8,2,,,
Kadashim,Arachin,8,3,,,
Kadashim,Arachin,8,4,,,
Kadashim,Arachin,8,5,,,
Kadashim,Arachin,8,6,,,
Kadashim,Arachin,8,7,,,
Kadashim,Arachin,9,1,,,
Kadashim,Arachin,9,2,,,
Kadashim,Arachin,9,3,,,
Kadashim,Arachin,9,4,,,
Kadashim,Arachin,9,5,,,
Kadashim,Arachin,9,6,,,
Kadashim,Arachin,9,7,,,
Kadashim,Arachin,9,8,,,
Kadashim,Temura,1,1,,,
Kadashim,Temura,1,2,,,
Kadashim,Temura,1,3,,,
Kadashim,Temura,1,4,,,
Kadashim,Temura,1,5,,,
Kadashim,Temura,1,6,,,
Kadashim,Temura,2,1,,,
Kadashim,Temura,2,2,,,
Kadashim,Temura,2,3,,,
Kadashim,Temura,3,1,,,
Kadashim,Temura,3,2,,,
Kadashim,Temura,3,3,,,
Kadashim,Temura,3,4,,,
Kadashim,Temura,3,5,,,
Kadashim,Temura,4,1,,,
Kadashim,Temura,4,2,,,
Kadashim,Temura,4,3,,,
Kadashim,Temura,4,4,,,
Kadashim,Temura,5,1,,,
Kadashim,Temura,5,2,,,
Kadashim,Temura,5,3,,,
Kadashim,Temura,5,4,,,
Kadashim,Temura,5,5,,,
Kadashim,Temura,5,6,,,
Kadashim,Temura,6,1,,,
Kadashim,Temura,6,2,,,
Kadashim,Temura,6,3,,,
Kadashim,Temura,6,4,,,
Kadashim,Temura,6,5,,,
Kadashim,Temura,7,1,,,
Kadashim,Temura,7,2,,,
Kadashim,Temura,7,3,,,
Kadashim,Temura,7,4,,,
Kadashim,Temura,7,5,,,
Kadashim,Temura,7,6,,,
Kadashim,Keritot,1,1,,,
Kadashim,Keritot,1,2,,,
Kadashim,Keritot,1,3,,,
Kadashim,Keritot,1,4,,,
Kadashim,Keritot,1,5,,,
Kadashim,Keritot,1,6,,,
Kadashim,Keritot,1,7,,,
Kadashim,Keritot,2,1,,,
Kadashim,Keritot,2,2,,,
Kadashim,Keritot,2,3,,,
Kadashim,Keritot,2,4,,,
Kadashim,Keritot,2,5,,,
Kadashim,Keritot,2,6,,,
Kadashim,Keritot,3,1,,,
Kadashim,Keritot,3,2,,,
Kadashim,Keritot,3,3,,,
Kadashim,Keritot,3,4,,,
Kadashim,Keritot,3,5,,,
Kadashim,Keritot,3,6,,,
Kadashim,Keritot,3,7,,,
Kadashim,Keritot,3,8,,,
Kadashim,Keritot,3,9,,,
Kadashim,Keritot,3,10,,,
Kadashim,Keritot,4,1,,,
Kadashim,Keritot,4,2,,,
Kadashim,Keritot,4,3,,,
Kadashim,Keritot,5,1,,,
Kadashim,Keritot,5,2,,,
Kadashim,Keritot,5,3,,,
Kadashim,Keritot,5,4,,,
Kadashim,Keritot,5,5,,,
Kadashim,Keritot,5,6,,,
Kadashim,Keritot,5,7,,,
Kadashim,Keritot,5,8,,,
Kadashim,Keritot,6,1,,,
Kadashim,Keritot,6,2,,,
Kadashim,Keritot,6,3,,,
Kadashim,Keritot,6,4,,,
Kadashim,Keritot,6,5,,,
Kadashim,Keritot,6,6,,,
Kadashim,Keritot,6,7,,,
Kadashim,Keritot,6,8,,,
Kadashim,Keritot,6,9,,,
Kadashim,Meila,1,1,,,
Kadashim,Meila,1,2,,,
Kadashim,Meila,1,3,,,
Kadashim,Meila,1,4,,,
Kadashim,Meila,2,1,,,
Kadashim,Meila,2,2,,,
Kadashim,Meila,2,3,,,
Kadashim,Meila,2,4,,,
Kadashim,Meila,2,5,,,
Kadashim,Meila,2,6,,,
Kadashim,Meila,2,7,,,
Kadashim,Meila,2,8,,,
Kadashim,Meila,2,9,,,
Kadashim,Meila,3,1,,,
Kadashim,Meila,3,2,,,
Kadashim,Meila,3,3,,,
Kadashim,Meila,3,4,,,
Kadashim,Meila,3,5,,,
Kadashim,Meila,3,6,,,
Kadashim,Meila,3,7,,,
Kadashim,Meila,3,8,,,
Kadashim,Meila,4,1,,,
Kadashim,Meila,4,2,,,
Kadashim,Meila,4,3,,,
Kadashim,Meila,4,4,,,
Kadashim,Meila,4,5,,,
Kadashim,Meila,4,6,,,
Kadashim,Meila,5,1,,,
Kadashim,Meila,5,2,,,
Kadashim,Meila,5,3,,,
Kadashim,Meila,5,4,,,
Kadashim,Meila,5,5,,,
Kadashim,Meila,6,1,,,
Kadashim,Meila,6,2,,,
Kadashim,Meila,6,3,,,
Kadashim,Meila,6,4,,,
Kadashim,Meila,6,5,,,
Kadashim,Meila,6,6,,,
Kadashim,Tamid,1,1,,,
Kadashim,Tamid,1,2,,,
Kadashim,Tamid,1,3,,,
Kadashim,Tamid,1,4,,,
Kadashim,Tamid,2,1,,,
Kadashim,Tamid,2,2,,,
Kadashim,Tamid,2,3,,,
Kadashim,Tamid,2,4,,,
Kadashim,Tamid,2,5,,,
Kadashim,Tamid,3,1,,,
Kadashim,Tamid,3,2,,,
Kadashim,Tamid,3,3,,,
Kadashim,Tamid,3,4,,,
Kadashim,Tamid,3,5,,,
Kadashim,Tamid,3,6,,,
Kadashim,Tamid,3,7,,,
Kadashim,Tamid,3,8,,,
Kadashim,Tamid,3,9,,,
Kadashim,Tamid,4,1,,,
Kadashim,Tamid,4,2,,,
Kadashim,Tamid,4,3,,,
Kadashim,Tamid,5,1,,,
Kadashim,Tamid,5,2,,,
Kadashim,Tamid,5,3,,,
Kadashim,Tamid,5,4,,,
Kadashim,Tamid,5,5,,,
Kadashim,Tamid,5,6,,,
Kadashim,Tamid,6,1,,,
Kadashim,Tamid,6,2,,,
Kadashim,Tamid,6,3,,,
Kadashim,Tamid,6,4,,,
Kadashim,Tamid,7,1,,,
Kadashim,Tamid,7,2,,,
Kadashim,Tamid,7,3,,,
Kadashim,Middot,1,1,,,
Kadashim,Middot,1,2,,,
Kadashim,Middot,1,3,,,
Kadashim,Middot,1,4,,,
Kadashim,Middot,1,5,,,
Kadashim,Middot,1,6,,,
Kadashim,Middot,1,7,,,
Kadashim,Middot,1,8,,,
Kadashim,Middot,1,9,,,
Kadashim,Middot,2,1,,,
Kadashim,Middot,2,2,,,
Kadashim,Middot,2,3,,,
Kadashim,Middot,2,4,,,
Kadashim,Middot,2,5,,,
Kadashim,Middot,2,6,,,
Kadashim,Middot,3,1,,,
Kadashim,Middot,3,2,,,
Kadashim,Middot,3,3,,,
Kadashim,Middot,3,4,,,
Kadashim,Middot,3,5,,,
Kadashim,Middot,3,6,,,
Kadashim,Middot,3,7,,,
Kadashim,Middot,3,8,,,
Kadashim,Middot,4,1,,,
Kadashim,Middot,4,2,,,
Kadashim,Middot,4,3,,,
Kadashim,Middot,4,4,,,
Kadashim,Middot,4,5,,,
Kadashim,Middot,4,6,,,
Kadashim,Middot,4,7,,,
Kadashim,Middot,5,1,,,
Kadashim,Middot,5,2,,,
Kadashim,Middot,5,3,,,
Kadashim,Middot,5,4,,,
Kadashim,Kinnim,1,1,,,
Kadashim,Kinnim,1,2,,,
Kadashim,Kinnim,1,3,,,
Kadashim,Kinnim,1,4,,,
Kadashim,Kinnim,2,1,,,
Kadashim,Kinnim,2,2,,,
Kadashim,Kinnim,2,3,,,
Kadashim,Kinnim,2,4,,,
Kadashim,Kinnim,2,5,,,
Kadashim,Kinnim,3,1,,,
Kadashim,Kinnim,3,2,,,
Kadashim,Kinnim,3,3,,,
Kadashim,Kinnim,3,4,,,
Kadashim,Kinnim,3,5,,,
Kadashim,Kinnim,3,6,,,
Taharot,Kelim,1,1,,,
Taharot,Kelim,1,2,,,
Taharot,Kelim,1,3,,,
Taharot,Kelim,1,4,,,
Taharot,Kelim,1,5,,,
Taharot,Kelim,1,6,,,
Taharot,Kelim,1,7,,,
Taharot,Kelim,1,8,,,
Taharot,Kelim,1,9,,,
Taharot,Kelim,2,1,,,
Taharot,Kelim,2,2,,,
Taharot,Kelim,2,3,,,
Taharot,Kelim,2,4,,,
Taharot,Kelim,2,5,,,
Taharot,Kelim,2,6,,,
Taharot,Kelim,2,7,,,
Taharot,Kelim,2,8,,,
Taharot,Kelim,3,1,,,
Taharot,Kelim,3,2,,,
Taharot,Kelim,3,3,,,
Taharot,Kelim,3,4,,,
Taharot,Kelim,3,5,,,
Taharot,Kelim,3,6,,,
Taharot,Kelim,3,7,,,
Taharot,Kelim,3,8,,,
Taharot,Kelim,4,1,,,
Taharot,Kelim,4,2,,,
Taharot,Kelim,4,3,,,
Taharot,Kelim,4,4,,,
Taharot,Kelim,5,1,,,
Taharot,Kelim,5,2,,,
Taharot,Kelim,5,3,,,
Taharot,Kelim,5,4,,,
Taharot,Kelim,5,5,,,
Taharot,Kelim,5,6,,,
Taharot,Kelim,5,7,,,
Taharot,Kelim,5,8,,,
Taharot,Kelim,5,9,,,
Taharot,Kelim,5,10,,,
Taharot,Kelim,5,11,,,
Taharot,Kelim,6,1,,,
Taharot,Kelim,6,2,,,
Taharot,Kelim,6,3,,,
Taharot,Kelim,6,4,,,
Taharot,Kelim,7,1,,,
Taharot,Kelim,7,2,,,
Taharot,Kelim,7,3,,,
Taharot,Kelim,7,4,,,
Taharot,Kelim,7,5,,,
Taharot,Kelim,7,6,,,
Taharot,Kelim,8,1,,,
Taharot,Kelim,8,2,,,
Taharot,Kelim,8,3,,,
Taharot,Kelim,8,4,,,
Taharot,Kelim,8,5,,,
Taharot,Kelim,8,6,,,
Taharot,Kelim,8,7,,,
Taharot,Kelim,8,8,,,
Taharot,Kelim,8,9,,,
Taharot,Kelim,8,10,,,
Taharot,Kelim,8,11,,,
Taharot,Kelim,9,1,,,
Taharot,Kelim,9,2,,,
Taharot,Kelim,9,3,,,
Taharot,Kelim,9,4,,,
Taharot,Kelim,9,5,,,
Taharot,Kelim,9,6,,,
Taharot,Kelim,9,7,,,
Taharot,Kelim,9,8,,,
Taharot,Kelim,10,1,,,
Taharot,Kelim,10,2,,,
Taharot,Kelim,10,3,,,
Taharot,Kelim,10,4,,,
Taharot,Kelim,10,5,,,
Taharot,Kelim,10,6,,,
Taharot,Kelim,10,7,,,
Taharot,Kelim,10,8,,,
Taharot,Kelim,11,1,,,
Taharot,Kelim,11,2,,,
Taharot,Kelim,11,3,,,
Taharot,Kelim,11,4,,,
Taharot,Kelim,11,5,,,
Taharot,Kelim,11,6,,,
Taharot,Kelim,11,7,,,
Taharot,Kelim,11,8,,,
Taharot,Kelim,11,9,,,
Taharot,Kelim,12,1,,,
Taharot,Kelim,12,2,,,
Taharot,Kelim,12,3,,,
Taharot,Kelim,12,4,,,
Taharot,Kelim,12,5,,,
Taharot,Kelim,12,6,,,
Taharot,Kelim,12,7,,,
Taharot,Kelim,12,8,,,
Taharot,Kelim,13,1,,,
Taharot,Kelim,13,2,,,
Taharot,Kelim,13,3,,,
Taharot,Kelim,13,4,,,
Taharot,Kelim,13,5,,,
Taharot,Kelim,13,6,,,
Taharot,Kelim,13,7,,,
Taharot,Kelim,13,8,,,
Taharot,Kelim,14,1,,,
Taharot,Kelim,14,2,,,
Taharot,Kelim,14,3,,,
Taharot,Kelim,14,4,,,
Taharot,Kelim,14,5,,,
Taharot,Kelim,14,6,,,
Taharot,Kelim,14,7,,,
Taharot,Kelim,14,8,,,
Taharot,Kelim,15,1,,,
Taharot,Kelim,15,2,,,
Taharot,Kelim,15,3,,,
Taharot,Kelim,15,4,,,
Taharot,Kelim,15,5,,,
Taharot,Kelim,15,6,,,
Taharot,Kelim,16,1,,,
Taharot,Kelim,16,2,,,
Taharot,Kelim,16,3,,,
Taharot,Kelim,16,4,,,
Taharot,Kelim,16,5,,,
Taharot,Kelim,16,6,,,
Taharot,Kelim,16,7,,,
Taharot,Kelim,16,8,,,
Taharot,Kelim,17,1,,,
Taharot,Kelim,17,2,,,
Taharot,Kelim,17,3,,,
Taharot,Kelim,17,4,,,
Taharot,Kelim,17,5,,,
Taharot,Kelim,17,6,,,
Taharot,Kelim,17,7,,,
Taharot,Kelim,17,8,,,
Taharot,Kelim,17,9,,,
Taharot,Kelim,17,10,,,
Taharot,Kelim,17,11,,,
Taharot,Kelim,17,12,,,
Taharot,Kelim,17,13,,,
Taharot,Kelim,17,14,,,
Taharot,Kelim,17,15,,,
Taharot,Kelim,17,16,,,
Taharot,Kelim,17,17,,,
Taharot,Kelim,18,1,,,
Taharot,Kelim,18,2,,,
Taharot,Kelim,18,3,,,
Taharot,Kelim,18,4,,,
Taharot,Kelim,18,5,,,
Taharot,Kelim,18,6,,,
Taharot,Kelim,18,7,,,
Taharot,Kelim,18,8,,,
Taharot,Kelim,18,9,,,
Taharot,Kelim,19,1,,,
Taharot,Kelim,19,2,,,
Taharot,Kelim,19,3,,,
Taharot,Kelim,19,4,,,
Taharot,Kelim,19,5,,,
Taharot,Kelim,19,6,,,
Taharot,Kelim,19,7,,,
Taharot,Kelim,19,8,,,
Taharot,Kelim,19,9,,,
Taharot,Kelim,19,10,,,
Taharot,Kelim,20,1,,,
Taharot,Kelim,20,2,,,
Taharot,Kelim,20,3,,,
Taharot,Kelim,20,4,,,
Taharot,Kelim,20,5,,,
Taharot,Kelim,20,6,,,
Taharot,Kelim,20,7,,,
Taharot,Kelim,21,1,,,
Taharot,Kelim,21,2,,,
Taharot,Kelim,21,3,,,
Taharot,Kelim,22,1,,,
Taharot,Kelim,22,2,,,
Taharot,Kelim,22,3,,,
Taharot,Kelim,22,4,,,
Taharot,Kelim,22,5,,,
Taharot,Kelim,22,6,,,
Taharot,Kelim,22,7,,,
Taharot,Kelim,22,8,,,
Taharot,Kelim,22,9,,,
Taharot,Kelim,22,10,,,
Taharot,Kelim,23,1,,,
Taharot,Kelim,23,2,,,
Taharot,Kelim,23,3,,,
Taharot,Kelim,23,4,,,
Taharot,Kelim,23,5,,,
Taharot,Kelim,24,1,,,
Taharot,Kelim,24,2,,,
Taharot,Kelim,24,3,,,
Taharot,Kelim,24,4,,,
Taharot,Kelim,24,5,,,
Taharot,Kelim,24,6,,,
Taharot,Kelim,24,7,,,
Taharot,Kelim,24,8,,,
Taharot,Kelim,24,9,,,
Taharot,Kelim,24,10,,,
Taharot,Kelim,24,11,,,
Taharot,Kelim,24,12,,,
Taharot,Kelim,24,13,,,
Taharot,Kelim,24,14,,,
Taharot,Kelim,24,15,,,
Taharot,Kelim,24,16,,,
Taharot,Kelim,24,17,,,
Taharot,Kelim,25,1,,,
Taharot,Kelim,25,2,,,
Taharot,Kelim,25,3,,,
Taharot,Kelim,25,4,,,
Taharot,Kelim,25,5,,,
Taharot,Kelim,25,6,,,
Taharot,Kelim,25,7,,,
Taharot,Kelim,25,8,,,
Taharot,Kelim,25,9,,,
Taharot,Kelim,26,1,,,
Taharot,Kelim,26,2,,,
Taharot,Kelim,26,3,,,
Taharot,Kelim,26,4,,,
Taharot,Kelim,26,5,,,
Taharot,Kelim,26,6,,,
Taharot,Kelim,26,7,,,
Taharot,Kelim,26,8,,,
Taharot,Kelim,26,9,,,
Taharot,Kelim,27,1,,,
Taharot,Kelim,27,2,,,
Taharot,Kelim,27,3,,,
Taharot,Kelim,27,4,,,
Taharot,Kelim,27,5,,,
Taharot,Kelim,27,6,,,
Taharot,Kelim,27,7,,,
Taharot,Kelim,27,8,,,
Taharot,Kelim,27,9,,,
Taharot,Kelim,27,10,,,
Taharot,Kelim,27,11,,,
Taharot,Kelim,27,12,,,
Taharot,Kelim,28,1,,,
Taharot,Kelim,28,2,,,
Taharot,Kelim,28,3,,,
Taharot,Kelim,28,4,,,
Taharot,Kelim,28,5,,,
Taharot,Kelim,28,6,,,
Taharot,Kelim,28,7,,,
Taharot,Kelim,28,8,,,
Taharot,Kelim,28,9,,,
Taharot,Kelim,28,10,,,
Taharot,Kelim,29,1,,,
Taharot,Kelim,29,2,,,
Taharot,Kelim,29,3,,,
Taharot,Kelim,29,4,,,
Taharot,Kelim,29,5,,,
Taharot,Kelim,29,6,,,
Taharot,Kelim,29,7,,,
Taharot,Kelim,29,8,,,
Taharot,Kelim,30,1,,,
Taharot,Kelim,30,2,,,
Taharot,Kelim,30,3,,,
Taharot,Kelim,30,4,,,
Taharot,Ohalot,1,1,,,
Taharot,Ohalot,1,2,,,
Taharot,Ohalot,1,3,,,
Taharot,Ohalot,1,4,,,
Taharot,Ohalot,1,5,,,
Taharot,Ohalot,1,6,,,
Taharot,Ohalot,1,7,,,
Taharot,Ohalot,1,8,,,
Taharot,Ohalot,2,1,,,
Taharot,Ohalot,2,2,,,
Taharot,Ohalot,2,3,,,
Taharot,Ohalot,2,4,,,
Taharot,Ohalot,2,5,,,
Taharot,Ohalot,2,6,,,
Taharot,Ohalot,2,7,,,
Taharot,Ohalot,3,1,,,
Taharot,Ohalot,3,2,,,
Taharot,Ohalot,3,3,,,
Taharot,Ohalot,3,4,,,
Taharot,Ohalot,3,5,,,
Taharot,Ohalot,3,6,,,
Taharot,Ohalot,3,7,,,
Taharot,Ohalot,4,1,,,
Taharot,Ohalot,4,2,,,
Taharot,Ohalot,4,3,,,
Taharot,Ohalot,5,1,,,
Taharot,Ohalot,5,2,,,
Taharot,Ohalot,5,3,,,
Taharot,Ohalot,5,4,,,
Taharot,Ohalot,5,5,,,
Taharot,Ohalot,5,6,,,
Taharot,Ohalot,5,7,,,
Taharot,Ohalot,6,1,,,
Taharot,Ohalot,6,2,,,
Taharot,Ohalot,6,3,,,
Taharot,Ohalot,6,4,,,
Taharot,Ohalot,6,5,,,
Taharot,Ohalot,6,6,,,
Taharot,Ohalot,6,7,,,
Taharot,Ohalot,7,1,,,
Taharot,Ohalot,7,2,,,
Taharot,Ohalot,7,3,,,
Taharot,Ohalot,7,4,,,
Taharot,Ohalot,7,5,,,
Taharot,Ohalot,7,6,,,
Taharot,Ohalot,8,1,,,
Taharot,Ohalot,8,2,,,
Taharot,Ohalot,8,3,,,
Taharot,Ohalot,8,4,,,
Taharot,Ohalot,8,5,,,
Taharot,Ohalot,8,6,,,
Taharot,Ohalot,9,1,,,
Taharot,Ohalot,9,2,,,
Taharot,Ohalot,9,3,,,
Taharot,Ohalot,9,4,,,
Taharot,Ohalot,9,5,,,
Taharot,Ohalot,9,6,,,
Taharot,Ohalot,9,7,,,
Taharot,Ohalot,9,8,,,
Taharot,Ohalot,9,9,,,
Taharot,Ohalot,9,10,,,
Taharot,Ohalot,9,11,,,
Taharot,Ohalot,9,12,,,
Taharot,Ohalot,9,13,,,
Taharot,Ohalot,9,14,,,
Taharot,Ohalot,9,15,,,
Taharot,Ohalot,9,16,,,
Taharot,Ohalot,10,1,,,
Taharot,Ohalot,10,2,,,
Taharot,Ohalot,10,3,,,
Taharot,Ohalot,10,4,,,
Taharot,Ohalot,10,5,,,
Taharot,Ohalot,10,6,,,
Taharot,Ohalot,10,7,,,
Taharot,Ohalot,11,1,,,
Taharot,Ohalot,11,2,,,
Taharot,Ohalot,11,3,,,
Taharot,Ohalot,11,4,,,
Taharot,Ohalot,11,5,,,
Taharot,Ohalot,11,6,,,
Taharot,Ohalot,11,7,,,
Taharot,Ohalot,11,8,,,
Taharot,Ohalot,11,9,,,
Taharot,Ohalot,12,1,,,
Taharot,Ohalot,12,2,,,
Taharot,Ohalot,12,3,,,
Taharot,Ohalot,12,4,,,
Taharot,Ohalot,12,5,,,
Taharot,Ohalot,12,6,,,
Taharot,Ohalot,12,7,,,
Taharot,Ohalot,12,8,,,
Taharot,Ohalot,13,1,,,
Taharot,Ohalot,13,2,,,
Taharot,Ohalot,13,3,,,
Taharot,Ohalot,13,4,,,
Taharot,Ohalot,13,5,,,
Taharot,Ohalot,13,6,,,
Taharot,Ohalot,14,1,,,
Taharot,Ohalot,14,2,,,
Taharot,Ohalot,14,3,,,
Taharot,Ohalot,14,4,,,
Taharot,Ohalot,14,5,,,
Taharot,Ohalot,14,6,,,
Taharot,Ohalot,14,7,,,
Taharot,Ohalot,15,1,,,
Taharot,Ohalot,15,2,,,
Taharot,Ohalot,15,3,,,
Taharot,Ohalot,15,4,,,
Taharot,Ohalot,15,5,,,
Taharot,Ohalot,15,6,,,
Taharot,Ohalot,15,7,,,
Taharot,Ohalot,15,8,,,
Taharot,Ohalot,15,9,,,
Taharot,Ohalot,15,10,,,
Taharot,Ohalot,16,1,,,
Taharot,Ohalot,16,2,,,
Taharot,Ohalot,16,3,,,
Taharot,Ohalot,16,4,,,
Taharot,Ohalot,16,5,,,
Taharot,Ohalot,17,1,,,
Taharot,Ohalot,17,2,,,
Taharot,Ohalot,17,3,,,
Taharot,Ohalot,17,4,,,
Taharot,Ohalot,17,5,,,
Taharot,Ohalot,18,1,,,
Taharot,Ohalot,18,2,,,
Taharot,Ohalot,18,3,,,
Taharot,Ohalot,18,4,,,
Taharot,Ohalot,18,5,,,
Taharot,Ohalot,18,6,,,
Taharot,Ohalot,18,7,,,
Taharot,Ohalot,18,8,,,
Taharot,Ohalot,18,9,,,
Taharot,Ohalot,18,10,,,
Taharot,Negaim,1,1,,,
Taharot,Negaim,1,2,,,
Taharot,Negaim,1,3,,,
Taharot,Negaim,1,4,,,
Taharot,Negaim,1,5,,,
Taharot,Negaim,1,6,,,
Taharot,Negaim,2,1,,,
Taharot,Negaim,2,2,,,
Taharot,Negaim,2,3,,,
Taharot,Negaim,2,4,,,
Taharot,Negaim,2,5,,,
Taharot,Negaim,3,1,,,
Taharot,Negaim,3,2,,,
Taharot,Negaim,3,3,,,
Taharot,Negaim,3,4,,,
Taharot,Negaim,3,5,,,
Taharot,Negaim,3,6,,,
Taharot,Negaim,3,7,,,
Taharot,Negaim,3,8,,,
Taharot,Negaim,4,1,,,
Taharot,Negaim,4,2,,,
Taharot,Negaim,4,3,,,
Taharot,Negaim,4,4,,,
Taharot,Negaim,4,5,,,
Taharot,Negaim,4,6,,,
Taharot,Negaim,4,7,,,
Taharot,Negaim,4,8,,,
Taharot,Negaim,4,9,,,
Taharot,Negaim,4,10,,,
Taharot,Negaim,4,11,,,
Taharot,Negaim,5,1,,,
Taharot,Negaim,5,2,,,
Taharot,Negaim,5,3,,,
Taharot,Negaim,5,4,,,
Taharot,Negaim,5,5,,,
Taharot,Negaim,6,1,,,
Taharot,Negaim,6,2,,,
Taharot,Negaim,6,3,,,
Taharot,Negaim,6,4,,,
Taharot,Negaim,6,5,,,
Taharot,Negaim,6,6,,,
Taharot,Negaim,6,7,,,
Taharot,Negaim,6,8,,,
Taharot,Negaim,7,1,,,
Taharot,Negaim,7,2,,,
Taharot,Negaim,7,3,,,
Taharot,Negaim,7,4,,,
Taharot,Negaim,7,5,,,
Taharot,Negaim,8,1,,,
Taharot,Negaim,8,2,,,
Taharot,Negaim,8,3,,,
Taharot,Negaim,8,4,,,
Taharot,Negaim,8,5,,,
Taharot,Negaim,8,6,,,
Taharot,Negaim,8,7,,,
Taharot,Negaim,8,8,,,
Taharot,Negaim,8,9,,,
Taharot,Negaim,8,10,,,
Taharot,Negaim,9,1,,,
Taharot,Negaim,9,2,,,
Taharot,Negaim,9,3,,,
Taharot,Negaim,10,1,,,
Taharot,Negaim,10,2,,,
Taharot,Negaim,10,3,,,
Taharot,Negaim,10,4,,,
Taharot,Negaim,10,5,,,
Taharot,Negaim,10,6,,,
Taharot,Negaim,10,7,,,
Taharot,Negaim,10,8,,,
Taharot,Negaim,10,9,,,
Taharot,Negaim,10,10,,,
Taharot,Negaim,11,1,,,
Taharot,Negaim,11,2,,,
Taharot,Negaim,11,3,,,
Taharot,Negaim,11,4,,,
Taharot,Negaim,11,5,,,
Taharot,Negaim,11,6,,,
Taharot,Negaim,11,7,,,
Taharot,Negaim,11,8,,,
Taharot,Negaim,11,9,,,
Taharot,Negaim,11,10,,,
Taharot,Negaim,11,11,,,
Taharot,Negaim,11,12,,,
Taharot,Negaim,12,1,,,
Taharot,Negaim,12,2,,,
Taharot,Negaim,12,3,,,
Taharot,Negaim,12,4,,,
Taharot,Negaim,12,5,,,
Taharot,Negaim,12,6,,,
Taharot,Negaim,12,7,,,
Taharot,Negaim,13,1,,,
Taharot,Negaim,13,2,,,
Taharot,Negaim,13,3,,,
Taharot,Negaim,13,4,,,
Taharot,Negaim,13,5,,,
Taharot,Negaim,13,6,,,
Taharot,Negaim,13,7,,,
Taharot,Negaim,13,8,,,
Taharot,Negaim,13,9,,,
Taharot,Negaim,13,10,,,
Taharot,Negaim,13,11,,,
Taharot,Negaim,13,12,,,
Taharot,Negaim,14,1,,,
Taharot,Negaim,14,2,,,
Taharot,Negaim,14,3,,,
Taharot,Negaim,14,4,,,
Taharot,Negaim,14,5,,,
Taharot,Negaim,14,6,,,
Taharot,Negaim,14,7,,,
Taharot,Negaim,14,8,,,
Taharot,Negaim,14,9,,,
Taharot,Negaim,14,10,,,
Taharot,Negaim,14,11,,,
Taharot,Negaim,14,12,,,
Taharot,Negaim,14,13,,,
Taharot,Para,1,1,,,
Taharot,Para,1,2,,,
Taharot,Para,1,3,,,
Taharot,Para,1,4,,,
Taharot,Para,2,1,,,
Taharot,Para,2,2,,,
Taharot,Para,2,3,,,
Taharot,Para,2,4,,,
Taharot,Para,2,5,,,
Taharot,Para,3,1,,,
Taharot,Para,3,2,,,
Taharot,Para,3,3,,,
Taharot,Para,3,4,,,
Taharot,Para,3,5,,,
Taharot,Para,3,6,,,
Taharot,Para,3,7,,,
Taharot,Para,3,8,,,
Taharot,Para,3,9,,,
Taharot,Para,3,10,,,
Taharot,Para,3,11,,,
Taharot,Para,4,1,,,
Taharot,Para,4,2,,,
Taharot,Para,4,3,,,
Taharot,Para,4,4,,,
Taharot,Para,5,1,,,
Taharot,Para,5,2,,,
Taharot,Para,5,3,,,
Taharot,Para,5,4,,,
Taharot,Para,5,5,,,
Taharot,Para,5,6,,,
Taharot,Para,5,7,,,
Taharot,Para,5,8,,,
Taharot,Para,5,9,,,
Taharot,Para,6,1,,,
Taharot,Para,6,2,,,
Taharot,Para,6,3,,,
Taharot,Para,6,4,,,
Taharot,Para,6,5,,,
Taharot,Para,7,1,,,
Taharot,Para,7,2,,,
Taharot,Para,7,3,,,
Taharot,Para,7,4,,,
Taharot,Para,7,5,,,
Taharot,Para,7,6,,,
Taharot,Para,7,7,,,
Taharot,Para,7,8,,,
Taharot,Para,7,9,,,
Taharot,Para,7,10,,,
Taharot,Para,7,11,,,
Taharot,Para,7,12,,,
Taharot,Para,8,1,,,
Taharot,Para,8,2,,,
Taharot,Para,8,3,,,
Taharot,Para,8,4,,,
Taharot,Para,8,5,,,
Taharot,Para,8,6,,,
Taharot,Para,8,7,,,
Taharot,Para,8,8,,,
Taharot,Para,8,9,,,
Taharot,Para,8,10,,,
Taharot,Para,8,11,,,
Taharot,Para,9,1,,,
Taharot,Para,9,2,,,
Taharot,Para,9,3,,,
Taharot,Para,9,4,,,
Taharot,Para,9,5,,,
Taharot,Para,9,6,,,
Taharot,Para,9,7,,,
Taharot,Para,9,8,,,
Taharot,Para,9,9,,,
Taharot,Para,10,1,,,
Taharot,Para,10,2,,,
Taharot,Para,10,3,,,
Taharot,Para,10,4,,,
Taharot,Para,10,5,,,
Taharot,Para,10,6,,,
Taharot,Para,11,1,,,
Taharot,Para,11,2,,,
Taharot,Para,11,3,,,
Taharot,Para,11,4,,,
Taharot,Para,11,5,,,
Taharot,Para,11,6,,,
Taharot,Para,11,7,,,
Taharot,Para,11,8,,,
Taharot,Para,11,9,,,
Taharot,Para,12,1,,,
Taharot,Para,12,2,,,
Taharot,Para,12,3,,,
Taharot,Para,12,4,,,
Taharot,Para,12,5,,,
Taharot,Para,12,6,,,
Taharot,Para,12,7,,,
Taharot,Para,12,8,,,
Taharot,Para,12,9,,,
Taharot,Para,12,10,,,
Taharot,Para,12,11,,,
Taharot,Taharot,1,1,,,
Taharot,Taharot,1,2,,,
Taharot,Taharot,1,3,,,
Taharot,Taharot,1,4,,,
Taharot,Taharot,1,5,,,
Taharot,Taharot,1,6,,,
Taharot,Taharot,1,7,,,
Taharot,Taharot,1,8,,,
Taharot,Taharot,1,9,,,
Taharot,Taharot,2,1,,,
Taharot,Taharot,2,2,,,
Taharot,Taharot,2,3,,,
Taharot,Taharot,2,4,,,
Taharot,Taharot,2,5,,,
Taharot,Taharot,2,6,,,
Taharot,Taharot,2,7,,,
Taharot,Taharot,2,8,,,
Taharot,Taharot,3,1,,,
Taharot,Taharot,3,2,,,
Taharot,Taharot,3,3,,,
Taharot,Taharot,3,4,,,
Taharot,Taharot,3,5,,,
Taharot,Taharot,3,6,,,
Taharot,Taharot,3,7,,,
Taharot,Taharot,3,8,,,
Taharot,Taharot,4,1,,,
Taharot,Taharot,4,2,,,
Taharot,Taharot,4,3,,,
Taharot,Taharot,4,4,,,
Taharot,Taharot,4,5,,,
Taharot,Taharot,4,6,,,
Taharot,Taharot,4,7,,,
Taharot,Taharot,4,8,,,
Taharot,Taharot,4,9,,,
Taharot,Taharot,4,10,,,
Taharot,Taharot,4,11,,,
Taharot,Taharot,4,12,,,
Taharot,Taharot,4,13,,,
Taharot,Taharot,5,1,,,
Taharot,Taharot,5,2,,,
Taharot,Taharot,5,3,,,
Taharot,Taharot,5,4,,,
Taharot,Taharot,5,5,,,
Taharot,Taharot,5,6,,,
Taharot,Taharot,5,7,,,
Taharot,Taharot,5,8,,,
Taharot,Taharot,5,9,,,
Taharot,Taharot,6,1,,,
Taharot,Taharot,6,2,,,
Taharot,Taharot,6,3,,,
Taharot,Taharot,6,4,,,
Taharot,Taharot,6,5,,,
Taharot,Taharot,6,6,,,
Taharot,Taharot,6,7,,,
Taharot,Taharot,6,8,,,
Taharot,Taharot,6,9,,,
Taharot,Taharot,6,10,,,
Taharot,Taharot,7,1,,,
Taharot,Taharot,7,2,,,
Taharot,Taharot,7,3,,,
Taharot,Taharot,7,4,,,
Taharot,Taharot,7,5,,,
Taharot,Taharot,7,6,,,
Taharot,Taharot,7,7,,,
Taharot,Taharot,7,8,,,
Taharot,Taharot,7,9,,,
Taharot,Taharot,8,1,,,
Taharot,Taharot,8,2,,,
Taharot,Taharot,8,3,,,
Taharot,Taharot,8,4,,,
Taharot,Taharot,8,5,,,
Taharot,Taharot,8,6,,,
Taharot,Taharot,8,7,,,
Taharot,Taharot,8,8,,,
Taharot,Taharot,8,9,,,
Taharot,Taharot,9,1,,,
Taharot,Taharot,9,2,,,
Taharot,Taharot,9,3,,,
Taharot,Taharot,9,4,,,
Taharot,Taharot,9,5,,,
Taharot,Taharot,9,6,,,
Taharot,Taharot,9,7,,,
Taharot,Taharot,9,8,,,
Taharot,Taharot,9,9,,,
Taharot,Taharot,10,1,,,
Taharot,Taharot,10,2,,,
Taharot,Taharot,10,3,,,
Taharot,Taharot,10,4,,,
Taharot,Taharot,10,5,,,
Taharot,Taharot,10,6,,,
Taharot,Taharot,10,7,,,
Taharot,Taharot,10,8,,,
Taharot,Mikvaot,1,1,,,
Taharot,Mikvaot,1,2,,,
Taharot,Mikvaot,1,3,,,
Taharot,Mikvaot,1,4,,,
Taharot,Mikvaot,1,5,,,
Taharot,Mikvaot,1,6,,,
Taharot,Mikvaot,1,7,,,
Taharot,Mikvaot,1,8,,,
Taharot,Mikvaot,2,1,,,
Taharot,Mikvaot,2,2,,,
Taharot,Mikvaot,2,3,,,
Taharot,Mikvaot,2,4,,,
Taharot,Mikvaot,2,5,,,
Taharot,Mikvaot,2,6,,,
Taharot,Mikvaot,2,7,,,
Taharot,Mikvaot,2,8,,,
Taharot,Mikvaot,2,9,,,
Taharot,Mikvaot,2,10,,,
Taharot,Mikvaot,3,1,,,
Taharot,Mikvaot,3,2,,,
Taharot,Mikvaot,3,3,,,
Taharot,Mikvaot,3,4,,,
Taharot,Mikvaot,4,1,,,
Taharot,Mikvaot,4,2,,,
Taharot,Mikvaot,4,3,,,
Taharot,Mikvaot,4,4,,,
Taharot,Mikvaot,4,5,,,
Taharot,Mikvaot,5,1,,,
Taharot,Mikvaot,5,2,,,
Taharot,Mikvaot,5,3,,,
Taharot,Mikvaot,5,4,,,
Taharot,Mikvaot,5,5,,,
Taharot,Mikvaot,5,6,,,
Taharot,Mikvaot,6,1,,,
Taharot,Mikvaot,6,2,,,
Taharot,Mikvaot,6,3,,,
Taharot,Mikvaot,6,4,,,
Taharot,Mikvaot,6,5,,,
Taharot,Mikvaot,6,6,,,
Taharot,Mikvaot,6,7,,,
Taharot,Mikvaot,6,8,,,
Taharot,Mikvaot,6,9,,,
Taharot,Mikvaot,6,10,,,
Taharot,Mikvaot,6,11,,,
Taharot,Mikvaot,7,1,,,
Taharot,Mikvaot,7,2,,,
Taharot,Mikvaot,7,3,,,
Taharot,Mikvaot,7,4,,,
Taharot,Mikvaot,7,5,,,
Taharot,Mikvaot,7,6,,,
Taharot,Mikvaot,7,7,,,
Taharot,Mikvaot,8,1,,,
Taharot,Mikvaot,8,2,,,
Taharot,Mikvaot,8,3,,,
Taharot,Mikvaot,8,4,,,
Taharot,Mikvaot,8,5,,,
Taharot,Mikvaot,9,1,,,
Taharot,Mikvaot,9,2,,,
Taharot,Mikvaot,9,3,,,
Taharot,Mikvaot,9,4,,,
Taharot,Mikvaot,9,5,,,
Taharot,Mikvaot,9,6,,,
Taharot,Mikvaot,9,7,,,
Taharot,Mikvaot,10,1,,,
Taharot,Mikvaot,10,2,,,
Taharot,Mikvaot,10,3,,,
Taharot,Mikvaot,10,4,,,
Taharot,Mikvaot,10,5,,,
Taharot,Mikvaot,10,6,,,
Taharot,Mikvaot,10,7,,,
Taharot,Mikvaot,10,8,,,
Taharot,Nidda,1,1,,,
Taharot,Nidda,1,2,,,
Taharot,Nidda,1,3,,,
Taharot,Nidda,1,4,,,
Taharot,Nidda,1,5,,,
Taharot,Nidda,1,6,,,
Taharot,Nidda,1,7,,,
Taharot,Nidda,2,1,,,
Taharot,Nidda,2,2,,,
Taharot,Nidda,2,3,,,
Taharot,Nidda,2,4,,,
Taharot,Nidda,2,5,,,
Taharot,Nidda,2,6,,,
Taharot,Nidda,2,7,,,
Taharot,Nidda,3,1,,,
Taharot,Nidda,3,2,,,
Taharot,Nidda,3,3,,,
Taharot,Nidda,3,4,,,
Taharot,Nidda,3,5,,,
Taharot,Nidda,3,6,,,
Taharot,Nidda,3,7,,,
Taharot,Nidda,4,1,,,
Taharot,Nidda,4,2,,,
Taharot,Nidda,4,3,,,
Taharot,Nidda,4,4,,,
Taharot,Nidda,4,5,,,
Taharot,Nidda,4,6,,,
Taharot,Nidda,4,7,,,
Taharot,Nidda,5,1,,,
Taharot,Nidda,5,2,,,
Taharot,Nidda,5,3,,,
Taharot,Nidda,5,4,,,
Taharot,Nidda,5,5,,,
Taharot,Nidda,5,6,,,
Taharot,Nidda,5,7,,,
Taharot,Nidda,5,8,,,
Taharot,Nidda,5,9,,,
Taharot,Nidda,6,1,,,
Taharot,Nidda,6,2,,,
Taharot,Nidda,6,3,,,
Taharot,Nidda,6,4,,,
Taharot,Nidda,6,5,,,
Taharot,Nidda,6,6,,,
Taharot,Nidda,6,7,,,
Taharot,Nidda,6,8,,,
Taharot,Nidda,6,9,,,
Taharot,Nidda,6,10,,,
Taharot,Nidda,6,11,,,
Taharot,Nidda,6,12,,,
Taharot,Nidda,6,13,,,
Taharot,Nidda,6,14,,,
Taharot,Nidda,7,1,,,
Taharot,Nidda,7,2,,,
Taharot,Nidda,7,3,,,
Taharot,Nidda,7,4,,,
Taharot,Nidda,7,5,,,
Taharot,Nidda,8,1,,,
Taharot,Nidda,8,2,,,
Taharot,Nidda,8,3,,,
Taharot,Nidda,8,4,,,
Taharot,Nidda,9,1,,,
Taharot,Nidda,9,2,,,
Taharot,Nidda,9,3,,,
Taharot,Nidda,9,4,,,
Taharot,Nidda,9,5,,,
Taharot,Nidda,9,6,,,
Taharot,Nidda,9,7,,,
Taharot,Nidda,9,8,,,
Taharot,Nidda,9,9,,,
Taharot,Nidda,9,10,,,
Taharot,Nidda,9,11,,,
Taharot,Nidda,10,1,,,
Taharot,Nidda,10,2,,,
Taharot,Nidda,10,3,,,
Taharot,Nidda,10,4,,,
Taharot,Nidda,10,5,,,
Taharot,Nidda,10,6,,,
Taharot,Nidda,10,7,,,
Taharot,Nidda,10,8,,,
Taharot,Machshirin,1,1,,,
Taharot,Machshirin,1,2,,,
Taharot,Machshirin,1,3,,,
Taharot,Machshirin,1,4,,,
Taharot,Machshirin,1,5,,,
Taharot,Machshirin,1,6,,,
Taharot,Machshirin,2,1,,,
Taharot,Machshirin,2,2,,,
Taharot,Machshirin,2,3,,,
Taharot,Machshirin,2,4,,,
Taharot,Machshirin,2,5,,,
Taharot,Machshirin,2,6,,,
Taharot,Machshirin,2,7,,,
Taharot,Machshirin,2,8,,,
Taharot,Machshirin,2,9,,,
Taharot,Machshirin,2,10,,,
Taharot,Machshirin,2,11,,,
Taharot,Machshirin,3,1,,,
Taharot,Machshirin,3,2,,,
Taharot,Machshirin,3,3,,,
Taharot,Machshirin,3,4,,,
Taharot,Machshirin,3,5,,,
Taharot,Machshirin,3,6,,,
Taharot,Machshirin,3,7,,,
Taharot,Machshirin,3,8,,,
Taharot,Machshirin,4,1,,,
Taharot,Machshirin,4,2,,,
Taharot,Machshirin,4,3,,,
Taharot,Machshirin,4,4,,,
Taharot,Machshirin,4,5,,,
Taharot,Machshirin,4,6,,,
Taharot,Machshirin,4,7,,,
Taharot,Machshirin,4,8,,,
Taharot,Machshirin,4,9,,,
Taharot,Machshirin,4,10,,,
Taharot,Machshirin,5,1,,,
Taharot,Machshirin,5,2,,,
Taharot,Machshirin,5,3,,,
Taharot,Machshirin,5,4,,,
Taharot,Machshirin,5,5,,,
Taharot,Machshirin,5,6,,,
Taharot,Machshirin,5,7,,,
Taharot,Machshirin,5,8,,,
Taharot,Machshirin,5,9,,,
Taharot,Machshirin,5,10,,,
Taharot,Machshirin,5,11,,,
Taharot,Machshirin,6,1,,,
Taharot,Machshirin,6,2,,,
Taharot,Machshirin,6,3,,,
Taharot,Machshirin,6,4,,,
Taharot,Machshirin,6,5,,,
Taharot,Machshirin,6,6,,,
Taharot,Machshirin,6,7,,,
Taharot,Machshirin,6,8,,,
Taharot,Zavim,1,1,,,
Taharot,Zavim,1,2,,,
Taharot,Zavim,1,3,,,
Taharot,Zavim,1,4,,,
Taharot,Zavim,1,5,,,
Taharot,Zavim,1,6,,,
Taharot,Zavim,2,1,,,
Taharot,Zavim,2,2,,,
Taharot,Zavim,2,3,,,
Taharot,Zavim,2,4,,,
Taharot,Zavim,3,1,,,
Taharot,Zavim,3,2,,,
Taharot,Zavim,3,3,,,
Taharot,Zavim,4,1,,,
Taharot,Zavim,4,2,,,
Taharot,Zavim,4,3,,,
Taharot,Zavim,4,4,,,
Taharot,Zavim,4,5,,,
Taharot,Zavim,4,6,,,
Taharot,Zavim,4,7,,,
Taharot,Zavim,5,1,,,
Taharot,Zavim,5,2,,,
Taharot,Zavim,5,3,,,
Taharot,Zavim,5,4,,,
Taharot,Zavim,5,5,,,
Taharot,Zavim,5,6,,,
Taharot,Zavim,5,7,,,
Taharot,Zavim,5,8,,,
Taharot,Zavim,5,9,,,
Taharot,Zavim,5,10,,,
Taharot,Zavim,5,11,,,
Taharot,Zavim,5,12,,,
Taharot,Tevul Yom,1,1,,,
Taharot,Tevul Yom,1,2,,,
Taharot,Tevul Yom,1,3,,,
Taharot,Tevul Yom,1,4,,,
Taharot,Tevul Yom,1,5,,,
Taharot,Tevul Yom,2,1,,,
Taharot,Tevul Yom,2,2,,,
Taharot,Tevul Yom,2,3,,,
Taharot,Tevul Yom,2,4,,,
Taharot,Tevul Yom,2,5,,,
Taharot,Tevul Yom,2,6,,,
Taharot,Tevul Yom,2,7,,,
Taharot,Tevul Yom,2,8,,,
Taharot,Tevul Yom,3,1,,,
Taharot,Tevul Yom,3,2,,,
Taharot,Tevul Yom,3,3,,,
Taharot,Tevul Yom,3,4,,,
Taharot,Tevul Yom,3,5,,,
Taharot,Tevul Yom,3,6,,,
Taharot,Tevul Yom,4,1,,,
Taharot,Tevul Yom,4,2,,,
Taharot,Tevul Yom,4,3,,,
Taharot,Tevul Yom,4,4,,,
Taharot,Tevul Yom,4,5,,,
Taharot,Tevul Yom,4,6,,,
Taharot,Tevul Yom,4,7,,,
Taharot,Yadayim,1,1,,,
Taharot,Yadayim,1,2,,,
Taharot,Yadayim,1,3,,,
Taharot,Yadayim,1,4,,,
Taharot,Yadayim,1,5,,,
Taharot,Yadayim,2,1,,,
Taharot,Yadayim,2,2,,,
Taharot,Yadayim,2,3,,,
Taharot,Yadayim,2,4,,,
Taharot,Yadayim,3,1,,,
Taharot,Yadayim,3,2,,,
Taharot,Yadayim,3,3,,,
Taharot,Yadayim,3,4,,,
Taharot,Yadayim,3,5,,,
Taharot,Yadayim,4,1,,,
Taharot,Yadayim,4,2,,,
Taharot,Yadayim,4,3,,,
Taharot,Yadayim,4,4,,,
Taharot,Yadayim,4,5,,,
Taharot,Yadayim,4,6,,,
Taharot,Yadayim,4,7,,,
Taharot,Yadayim,4,8,,,
Taharot,Oktzin,1,1,,,
Taharot,Oktzin,1,2,,,
Taharot,Oktzin,1,3,,,
Taharot,Oktzin,1,4,,,
Taharot,Oktzin,1,5,,,
Taharot,Oktzin,1,6,,,
Taharot,Oktzin,2,1,,,
Taharot,Oktzin,2,2,,,
Taharot,Oktzin,2,3,,,
Taharot,Oktzin,2,4,,,
Taharot,Oktzin,2,5,,,
Taharot,Oktzin,2,6,,,
Taharot,Oktzin,2,7,,,
Taharot,Oktzin,2,8,,,
Taharot,Oktzin,2,9,,,
Taharot,Oktzin,2,10,,,
Taharot,Oktzin,3,1,,,
Taharot,Oktzin,3,2,,,
Taharot,Oktzin,3,3,,,
Taharot,Oktzin,3,4,,,
Taharot,Oktzin,3,5,,,
Taharot,Oktzin,3,6,,,
Taharot,Oktzin,3,7,,,
Taharot,Oktzin,3,8,,,
Taharot,Oktzin,3,9,,,
Taharot,Oktzin,3,10,,,
Taharot,Oktzin,3,11,,,
Taharot,Oktzin,3,12,,,
