Sefer,Perek,Title,Teacher
Yehoshua,Introduction,,Mr. Jesse Salem
Yehoshua,1,,Mr. Jesse Salem
Yehoshua,2,,Mr. Jesse Salem
Yehoshua,3,,Mr. Jesse Salem
Yehoshua,4,,Mr. Jesse Salem
Yehoshua,5,,Mr. Jesse Salem
Yehoshua,6,,Mr. Jesse Salem
Yehoshua,7,,Mr. Jesse Salem
Yehoshua,8,,Mr. Jesse Salem
Yehoshua,9,,Mr. Jesse Salem
Yehoshua,10,,Mr. Jesse Salem
Yehoshua,11,,Mr. Jesse Salem
Yehoshua,12,,Mr. Jesse Salem
Yehoshua,13,,Mr. Jesse Salem
Yehoshua,14,,Mr. Jesse Salem
Yehoshua,15,,Mr. Jesse Salem
Yehoshua,16,,Mr. Jesse Salem
Yehoshua,17,,Mr. Jesse Salem
Yehoshua,18,,Mr. Jesse Salem
Yehoshua,19,,Mr. Jesse Salem
Yehoshua,20,,Mr. Jesse Salem
Yehoshua,21,,Mr. Jesse Salem
Yehoshua,22,,Mr. Jesse Salem
Yehoshua,23,,Mr. Jesse Salem
Yehoshua,24,,Mr. Jesse Salem
Shofetim,1,,Rabbi Joey M. Mizrachi
Shofetim,2,,Rabbi Joey M. Mizrachi
Shofetim,3,,Rabbi Joey M. Mizrachi
Shofetim,4,,Rabbi Joey M. Mizrachi
Shofetim,5,,Rabbi Joey M. Mizrachi
Shofetim,6,,Rabbi Joey M. Mizrachi
Shofetim,7,,Rabbi Joey M. Mizrachi
Shofetim,8,,Rabbi Joey M. Mizrachi
Shofetim,9,,Rabbi Joey M. Mizrachi
Shofetim,10,,Rabbi Joey M. Mizrachi
Shofetim,11,,Rabbi Joey M. Mizrachi
Shofetim,12,,Rabbi Joey M. Mizrachi
Shofetim,13,,Rabbi Joey M. Mizrachi
Shofetim,14,,Rabbi Joey M. Mizrachi
Shofetim,15,,Rabbi Joey M. Mizrachi
Shofetim,16,,Rabbi Joey M. Mizrachi
Shofetim,17,,Rabbi Joey M. Mizrachi
Shofetim,18,,Rabbi Joey M. Mizrachi
Shofetim,19,,Rabbi Joey M. Mizrachi
Shofetim,20,,Rabbi Joey M. Mizrachi
Shofetim,21,,Rabbi Joey M. Mizrachi
Shemuel1,Introduction,,Mrs. Marjorie Salem
Shemuel1,1,,Mrs. Marjorie Salem
Shemuel1,2,,Mrs. Marjorie Salem
Shemuel1,3,,Mrs. Marjorie Salem
Shemuel1,4,,Mrs. Marjorie Salem
Shemuel1,5,,Mrs. Marjorie Salem
Shemuel1,6,,Mrs. Marjorie Salem
Shemuel1,7,,Mrs. Marjorie Salem
Shemuel1,8,,Mrs. Marjorie Salem
Shemuel1,9,,Mrs. Marjorie Salem
Shemuel1,10,,Mrs. Marjorie Salem
Shemuel1,11,,Mrs. Marjorie Salem
Shemuel1,12,,Mrs. Marjorie Salem
Shemuel1,13,,Mrs. Marjorie Salem
Shemuel1,14,,Mrs. Marjorie Salem
Shemuel1,15,,Mrs. Marjorie Salem
Shemuel1,16,,Mrs. Marjorie Salem
Shemuel1,17,,Mrs. Marjorie Salem
Shemuel1,18,,Mrs. Marjorie Salem
Shemuel1,19,,Mrs. Marjorie Salem
Shemuel1,20,,Mrs. Marjorie Salem
Shemuel1,21,,Mrs. Marjorie Salem
Shemuel1,22,,Mrs. Marjorie Salem
Shemuel1,23,,Mrs. Marjorie Salem
Shemuel1,24,,Mrs. Marjorie Salem
Shemuel1,25,,Mrs. Marjorie Salem
Shemuel1,26,,Mrs. Marjorie Salem
Shemuel1,27,,Mrs. Marjorie Salem
Shemuel1,28,,Mrs. Marjorie Salem
Shemuel1,29,,Mrs. Marjorie Salem
Shemuel1,30,,Mrs. Marjorie Salem
Shemuel1,31,,Mrs. Marjorie Salem
Shemuel2,1,,Mrs. Marjorie Salem
Shemuel2,2,,Mrs. Marjorie Salem
Shemuel2,3,,Mrs. Marjorie Salem
Shemuel2,4,,Mrs. Marjorie Salem
Shemuel2,5,,Mrs. Marjorie Salem
Shemuel2,6,,Mrs. Marjorie Salem
Shemuel2,7,,Mrs. Marjorie Salem
Shemuel2,8,,Mrs. Marjorie Salem
Shemuel2,9,,Mrs. Marjorie Salem
Shemuel2,10,,Mrs. Marjorie Salem
Shemuel2,11,,Mrs. Marjorie Salem
Shemuel2,12,,Mrs. Marjorie Salem
Shemuel2,13,,Mrs. Marjorie Salem
Shemuel2,14,,Mrs. Marjorie Salem
Shemuel2,15,,Mrs. Marjorie Salem
Shemuel2,16,,Mrs. Marjorie Salem
Shemuel2,17,,Mrs. Marjorie Salem
Shemuel2,18,,Mrs. Marjorie Salem
Shemuel2,19,,Mrs. Marjorie Salem
Shemuel2,20,,Mrs. Marjorie Salem
Shemuel2,21,,Mrs. Marjorie Salem
Shemuel2,22,,Mrs. Marjorie Salem
Shemuel2,23,,Mrs. Marjorie Salem
Shemuel2,24,,Mrs. Marjorie Salem
Melachim1,1,,Rabbi Gad Dishi
Melachim1,2,,Rabbi Gad Dishi
Melachim1,3,,Rabbi Gad Dishi
Melachim1,4,,Rabbi Gad Dishi
Melachim1,5,,Rabbi Gad Dishi
Melachim1,6,,Rabbi Gad Dishi
Melachim1,7,,Rabbi Gad Dishi
Melachim1,8,,Rabbi Gad Dishi
Melachim1,9,,Rabbi Gad Dishi
Melachim1,10,,Rabbi Gad Dishi
Melachim1,11,,Rabbi Gad Dishi
Melachim1,12,,Rabbi Gad Dishi
Melachim1,13,,Rabbi Gad Dishi
Melachim1,14,,Rabbi Gad Dishi
Melachim1,15,,Rabbi Gad Dishi
Melachim1,16,,Rabbi Gad Dishi
Melachim1,17,,Rabbi Gad Dishi
Melachim1,18,,Rabbi Gad Dishi
Melachim1,19,,Rabbi Gad Dishi
Melachim1,20,,Rabbi Gad Dishi
Melachim1,21,,Rabbi Gad Dishi
Melachim1,22,,Rabbi Gad Dishi
Melachim2,1,,Ms. Adele Chabot
Melachim2,2,,Ms. Adele Chabot
Melachim2,3,,Ms. Adele Chabot
Melachim2,4,,Ms. Adele Chabot
Melachim2,5,,Ms. Adele Chabot
Melachim2,6,,Ms. Adele Chabot
Melachim2,7,,Ms. Adele Chabot
Melachim2,8,,Ms. Adele Chabot
Melachim2,9,,Ms. Adele Chabot
Melachim2,10,,Ms. Adele Chabot
Melachim2,11,,Ms. Adele Chabot
Melachim2,12,,Ms. Adele Chabot
Melachim2,13,,Ms. Adele Chabot
Melachim2,14,,Ms. Adele Chabot
Melachim2,15,,Ms. Adele Chabot
Melachim2,16,,Ms. Adele Chabot
Melachim2,17,,Ms. Adele Chabot
Melachim2,18,,Ms. Adele Chabot
Melachim2,19,,Ms. Adele Chabot
Melachim2,20,,Ms. Adele Chabot
Melachim2,21,,Ms. Adele Chabot
Melachim2,22,,Ms. Adele Chabot
Melachim2,23,,Ms. Adele Chabot
Melachim2,24,,Ms. Adele Chabot
Melachim2,25,,Ms. Adele Chabot
Yeshayahu,1,,Rabbi Albert Setton
Yeshayahu,2,,Rabbi Albert Setton
Yeshayahu,3,,Rabbi Albert Setton
Yeshayahu,4,,Rabbi Albert Setton
Yeshayahu,5,,Rabbi Albert Setton
Yeshayahu,6,,Rabbi Albert Setton
Yeshayahu,7,,Rabbi Albert Setton
Yeshayahu,8,,Rabbi Albert Setton
Yeshayahu,9,,Rabbi Albert Setton
Yeshayahu,10,,Rabbi Albert Setton
Yeshayahu,11,,Rabbi Albert Setton
Yeshayahu,12,,Rabbi Albert Setton
Yeshayahu,13,,Rabbi Albert Setton
Yeshayahu,14,,Rabbi Albert Setton
Yeshayahu,15,,Rabbi Albert Setton
Yeshayahu,16,,Rabbi Albert Setton
Yeshayahu,17,,Rabbi Albert Setton
Yeshayahu,18,,Rabbi Albert Setton
Yeshayahu,19,,Rabbi Albert Setton
Yeshayahu,20,,Rabbi Albert Setton
Yeshayahu,21,,Rabbi Albert Setton
Yeshayahu,22,,Rabbi Albert Setton
Yeshayahu,23,,Rabbi Albert Setton
Yeshayahu,24,,Rabbi Albert Setton
Yeshayahu,25,,Rabbi Albert Setton
Yeshayahu,26,,Rabbi Albert Setton
Yeshayahu,27,,Rabbi Albert Setton
Yeshayahu,28,,Rabbi Albert Setton
Yeshayahu,29,,Rabbi Albert Setton
Yeshayahu,30,,Rabbi Albert Setton
Yeshayahu,31,,Rabbi Albert Setton
Yeshayahu,32,,Rabbi Albert Setton
Yeshayahu,33,,Rabbi Albert Setton
Yeshayahu,34,,Rabbi Albert Setton
Yeshayahu,35,,Rabbi Albert Setton
Yeshayahu,36,,Rabbi Albert Setton
Yeshayahu,37,,Rabbi Albert Setton
Yeshayahu,38,,Rabbi Albert Setton
Yeshayahu,39,,Rabbi Albert Setton
Yeshayahu,40,,Rabbi Albert Setton
Yeshayahu,41,,Rabbi Albert Setton
Yeshayahu,42,,Rabbi Albert Setton
Yeshayahu,43,,Rabbi Albert Setton
Yeshayahu,44,,Rabbi Albert Setton
Yeshayahu,45,,Rabbi Albert Setton
Yeshayahu,46,,Rabbi Albert Setton
Yeshayahu,47,,Rabbi Albert Setton
Yeshayahu,48,,Rabbi Albert Setton
Yeshayahu,49,,Rabbi Albert Setton
Yeshayahu,50,,Rabbi Albert Setton
Yeshayahu,51,,Rabbi Albert Setton
Yeshayahu,52,,Rabbi Albert Setton
Yeshayahu,53,,Rabbi Albert Setton
Yeshayahu,54,,Rabbi Albert Setton
Yeshayahu,55,,Rabbi Albert Setton
Yeshayahu,56,,Rabbi Albert Setton
Yeshayahu,57,,Rabbi Albert Setton
Yeshayahu,58,,Rabbi Albert Setton
Yeshayahu,59,,Rabbi Albert Setton
Yeshayahu,60,,Rabbi Albert Setton
Yeshayahu,61,,Rabbi Albert Setton
Yeshayahu,62,,Rabbi Albert Setton
Yeshayahu,63,,Rabbi Albert Setton
Yeshayahu,64,,Rabbi Albert Setton
Yeshayahu,65,,Rabbi Albert Setton
Yeshayahu,66,,Rabbi Albert Setton
Yirmiyahu,1,,Rabbi Harold Sutton
Yirmiyahu,2,,Rabbi Harold Sutton
Yirmiyahu,3,,Rabbi Harold Sutton
Yirmiyahu,4,,Rabbi Harold Sutton
Yirmiyahu,5,,Rabbi Harold Sutton
Yirmiyahu,6,,Rabbi Harold Sutton
Yirmiyahu,7,,Rabbi Harold Sutton
Yirmiyahu,8,,Rabbi Harold Sutton
Yirmiyahu,9,,Rabbi Harold Sutton
Yirmiyahu,10,,Rabbi Harold Sutton
Yirmiyahu,11,,Rabbi Harold Sutton
Yirmiyahu,12,,Rabbi Harold Sutton
Yirmiyahu,13,,Rabbi Harold Sutton
Yirmiyahu,14,,Rabbi Harold Sutton
Yirmiyahu,15,,Rabbi Harold Sutton
Yirmiyahu,16,,Rabbi Harold Sutton
Yirmiyahu,17,,Rabbi Harold Sutton
Yirmiyahu,18,,Rabbi Harold Sutton
Yirmiyahu,19,,Rabbi Harold Sutton
Yirmiyahu,20,,Rabbi Harold Sutton
Yirmiyahu,21,,Rabbi Harold Sutton
Yirmiyahu,22,,Rabbi Harold Sutton
Yirmiyahu,23,,Rabbi Harold Sutton
Yirmiyahu,24,,Rabbi Harold Sutton
Yirmiyahu,25,,Rabbi Harold Sutton
Yirmiyahu,26,,Rabbi Harold Sutton
Yirmiyahu,27,,Rabbi Harold Sutton
Yirmiyahu,28,,Rabbi Harold Sutton
Yirmiyahu,29,,Rabbi Harold Sutton
Yirmiyahu,30,,Rabbi Harold Sutton
Yirmiyahu,31,,Rabbi Harold Sutton
Yirmiyahu,32,,Rabbi Harold Sutton
Yirmiyahu,33,,Rabbi Harold Sutton
Yirmiyahu,34,,Rabbi Harold Sutton
Yirmiyahu,35,,Rabbi Harold Sutton
Yirmiyahu,36,,Rabbi Harold Sutton
Yirmiyahu,37,,Rabbi Harold Sutton
Yirmiyahu,38,,Rabbi Harold Sutton
Yirmiyahu,39,,Rabbi Harold Sutton
Yirmiyahu,40,,Rabbi Harold Sutton
Yirmiyahu,41,,Rabbi Harold Sutton
Yirmiyahu,42,,Rabbi Harold Sutton
Yirmiyahu,43,,Rabbi Harold Sutton
Yirmiyahu,44,,Rabbi Harold Sutton
Yirmiyahu,45,,Rabbi Harold Sutton
Yirmiyahu,46,,Rabbi Harold Sutton
Yirmiyahu,47,,Rabbi Harold Sutton
Yirmiyahu,48,,Rabbi Harold Sutton
Yirmiyahu,49,,Rabbi Harold Sutton
Yirmiyahu,50,,Rabbi Harold Sutton
Yirmiyahu,51,,Rabbi Harold Sutton
Yirmiyahu,52,,Rabbi Harold Sutton
Yehezkel,1,,Mr. Ovadia Sutton
Yehezkel,2,,Mr. Ovadia Sutton
Yehezkel,3,,Mr. Ovadia Sutton
Yehezkel,4,,Mr. Ovadia Sutton
Yehezkel,5,,Mr. Ovadia Sutton
Yehezkel,6,,Mr. Ovadia Sutton
Yehezkel,7,,Mr. Ovadia Sutton
Yehezkel,8,,Mr. Ovadia Sutton
Yehezkel,9,,Mr. Ovadia Sutton
Yehezkel,10,,Mr. Ovadia Sutton
Yehezkel,11,,Mr. Ovadia Sutton
Yehezkel,12,,Mr. Ovadia Sutton
Yehezkel,13,,Mr. Ovadia Sutton
Yehezkel,14,,Mr. Ovadia Sutton
Yehezkel,15,,Mr. Ovadia Sutton
Yehezkel,16,,Mr. Ovadia Sutton
Yehezkel,17,,Mr. Ovadia Sutton
Yehezkel,18,,Mr. Ovadia Sutton
Yehezkel,19,,Mr. Ovadia Sutton
Yehezkel,20,,Mr. Ovadia Sutton
Yehezkel,21,,Mr. Ovadia Sutton
Yehezkel,22,,Mr. Ovadia Sutton
Yehezkel,23,,Mr. Ovadia Sutton
Yehezkel,24,,Mr. Ovadia Sutton
Yehezkel,25,,Mr. Ovadia Sutton
Yehezkel,26,,Mr. Ovadia Sutton
Yehezkel,27,,Mr. Ovadia Sutton
Yehezkel,28,,Mr. Ovadia Sutton
Yehezkel,29,,Mr. Ovadia Sutton
Yehezkel,30,,Mr. Ovadia Sutton
Yehezkel,31,,Mr. Ovadia Sutton
Yehezkel,32,,Mr. Ovadia Sutton
Yehezkel,33,,Mr. Ovadia Sutton
Yehezkel,34,,Mr. Ovadia Sutton
Yehezkel,35,,Mr. Ovadia Sutton
Yehezkel,36,,Mr. Ovadia Sutton
Yehezkel,37,,Mr. Ovadia Sutton
Yehezkel,38,,Mr. Ovadia Sutton
Yehezkel,39,,Mr. Ovadia Sutton
Yehezkel,40,,Mr. Ovadia Sutton
Yehezkel,41,,Mr. Ovadia Sutton
Yehezkel,42,,Mr. Ovadia Sutton
Yehezkel,43,,Mr. Ovadia Sutton
Yehezkel,44,,Mr. Ovadia Sutton
Yehezkel,45,,Mr. Ovadia Sutton
Yehezkel,46,,Mr. Ovadia Sutton
Yehezkel,47,,Mr. Ovadia Sutton
Yehezkel,48,,Mr. Ovadia Sutton
Hoshea,1,,Mr. Josh Setton
Hoshea,2,,Mr. Josh Setton
Hoshea,3,,Mr. Josh Setton
Hoshea,4,,Mr. Josh Setton
Hoshea,5,,Mr. Josh Setton
Hoshea,6,,Mr. Josh Setton
Hoshea,7,,Mr. Josh Setton
Hoshea,8,,Mr. Josh Setton
Hoshea,9,,Mr. Josh Setton
Hoshea,10,,Mr. Josh Setton
Hoshea,11,,Mr. Josh Setton
Hoshea,12,,Mr. Josh Setton
Hoshea,13,,Mr. Josh Setton
Hoshea,14,,Mr. Josh Setton
Yoel,1,,Mr. Josh Setton
Yoel,2,,Mr. Josh Setton
Yoel,3,,Mr. Josh Setton
Yoel,4,,Mr. Josh Setton
Amos,1,,Rabbi Yair Elnadav
Amos,2,,Rabbi Yair Elnadav
Amos,3,,Rabbi Yair Elnadav
Amos,4,,Rabbi Yair Elnadav
Amos,5,,Rabbi Yair Elnadav
Amos,6,,Rabbi Yair Elnadav
Amos,7,,Rabbi Yair Elnadav
Amos,8,,Rabbi Yair Elnadav
Amos,9,,Rabbi Yair Elnadav
Ovadia,1,,Mr. Josh Setton
Yonah,1,,Mr. Josh Setton
Yonah,2,,Mr. Josh Setton
Yonah,3,,Mr. Josh Setton
Yonah,4,,Mr. Josh Setton
Michah,1,,Rabbi Nathan Dweck
Michah,2,,Rabbi Nathan Dweck
Michah,3,,Rabbi Nathan Dweck
Michah,4,,Rabbi Nathan Dweck
Michah,5,,Rabbi Nathan Dweck
Michah,6,,Rabbi Nathan Dweck
Michah,7,,Rabbi Nathan Dweck
Nahum,1,,Rabbi Nathan Dweck
Nahum,2,,Rabbi Nathan Dweck
Nahum,3,,Rabbi Nathan Dweck
Habakuk,1,,Rabbi Shmuel Beyda
Habakuk,2,,Rabbi Shmuel Beyda
Habakuk,3,,Rabbi Shmuel Beyda
Sephania,1,,Mr. Josh Setton
Sephania,2,,Mr. Josh Setton
Sephania,3,,Mr. Josh Setton
Hagai,1,,Mr. Josh Setton
Hagai,2,,Mr. Josh Setton
Zecharia,1,,Mrs. Miriam Tawil
Zecharia,2,,Mrs. Miriam Tawil
Zecharia,3,,Mrs. Miriam Tawil
Zecharia,4,,Mrs. Miriam Tawil
Zecharia,5,,Mrs. Miriam Tawil
Zecharia,6,,Mrs. Miriam Tawil
Zecharia,7,,Mrs. Miriam Tawil
Zecharia,8,,Mrs. Miriam Tawil
Zecharia,9,,Mrs. Miriam Tawil
Zecharia,10,,Mrs. Miriam Tawil
Zecharia,11,,Mrs. Miriam Tawil
Zecharia,12,,Mrs. Miriam Tawil
Zecharia,13,,Mrs. Miriam Tawil
Zecharia,14,,Mrs. Miriam Tawil
Malachi,1,,Rabbi Moses Haber
Malachi,2,,Rabbi Moses Haber
Malachi,3,,Rabbi Moses Haber
Malachi,4,,Rabbi Moses Haber
Malachi,5,,Rabbi Moses Haber
Malachi,6,,Rabbi Moses Haber
Malachi,7,,Rabbi Moses Haber
Malachi,8,,Rabbi Moses Haber
Malachi,9,,Rabbi Moses Haber
Malachi,10,,Rabbi Moses Haber
Malachi,11,,Rabbi Moses Haber
Malachi,12,,Rabbi Moses Haber
Malachi,13,,Rabbi Moses Haber
Malachi,14,,Rabbi Moses Haber
Divre Hayamim 1,1,,Rabbi Yitzchak Etshalom
Divre Hayamim 1,2,,Rabbi Yitzchak Etshalom
Divre Hayamim 1,3,,Rabbi Yitzchak Etshalom
Divre Hayamim 1,4,,Rabbi Yitzchak Etshalom
Divre Hayamim 1,5,,Rabbi Yitzchak Etshalom
Divre Hayamim 1,6,,Rabbi Yitzchak Etshalom
Divre Hayamim 1,7,,Rabbi Yitzchak Etshalom
Divre Hayamim 1,8,,Rabbi Yitzchak Etshalom
Divre Hayamim 1,9,,Rabbi Yitzchak Etshalom
Divre Hayamim 1,10,,Rabbi Yitzchak Etshalom
Divre Hayamim 1,11,,Rabbi Yitzchak Etshalom
Divre Hayamim 1,12,,Rabbi Yitzchak Etshalom
Divre Hayamim 1,13,,Rabbi Yitzchak Etshalom
Divre Hayamim 1,14,,Rabbi Yitzchak Etshalom
Divre Hayamim 1,15,,Rabbi Yitzchak Etshalom
Divre Hayamim 1,16,,Rabbi Yitzchak Etshalom
Divre Hayamim 1,17,,Rabbi Yitzchak Etshalom
Divre Hayamim 1,18,,Rabbi Yitzchak Etshalom
Divre Hayamim 1,19,,Rabbi Yitzchak Etshalom
Divre Hayamim 1,20,,Rabbi Yitzchak Etshalom
Divre Hayamim 1,21,,Rabbi Yitzchak Etshalom
Divre Hayamim 1,22,,Rabbi Yitzchak Etshalom
Divre Hayamim 1,23,,Rabbi Yitzchak Etshalom
Divre Hayamim 1,24,,Rabbi Yitzchak Etshalom
Divre Hayamim 1,25,,Rabbi Yitzchak Etshalom
Divre Hayamim 1,26,,Rabbi Yitzchak Etshalom
Divre Hayamim 1,27,,Rabbi Yitzchak Etshalom
Divre Hayamim 1,28,,Rabbi Yitzchak Etshalom
Divre Hayamim 1,29,,Rabbi Yitzchak Etshalom
Divre Hayamim 2,1,,Rabbi Yitzchak Etshalom
Divre Hayamim 2,2,,Rabbi Yitzchak Etshalom
Divre Hayamim 2,3,,Rabbi Yitzchak Etshalom
Divre Hayamim 2,4,,Rabbi Yitzchak Etshalom
Divre Hayamim 2,5,,Rabbi Yitzchak Etshalom
Divre Hayamim 2,6,,Rabbi Yitzchak Etshalom
Divre Hayamim 2,7,,Rabbi Yitzchak Etshalom
Divre Hayamim 2,8,,Rabbi Yitzchak Etshalom
Divre Hayamim 2,9,,Rabbi Yitzchak Etshalom
Divre Hayamim 2,10,,Rabbi Yitzchak Etshalom
Divre Hayamim 2,11,,Rabbi Yitzchak Etshalom
Divre Hayamim 2,12,,Rabbi Yitzchak Etshalom
Divre Hayamim 2,13,,Rabbi Yitzchak Etshalom
Divre Hayamim 2,14,,Rabbi Yitzchak Etshalom
Divre Hayamim 2,15,,Rabbi Yitzchak Etshalom
Divre Hayamim 2,16,,Rabbi Yitzchak Etshalom
Divre Hayamim 2,17,,Rabbi Yitzchak Etshalom
Divre Hayamim 2,18,,Rabbi Yitzchak Etshalom
Divre Hayamim 2,19,,Rabbi Yitzchak Etshalom
Divre Hayamim 2,20,,Rabbi Yitzchak Etshalom
Divre Hayamim 2,21,,Rabbi Yitzchak Etshalom
Divre Hayamim 2,22,,Rabbi Yitzchak Etshalom
Divre Hayamim 2,23,,Rabbi Yitzchak Etshalom
Divre Hayamim 2,24,,Rabbi Yitzchak Etshalom
Divre Hayamim 2,25,,Rabbi Yitzchak Etshalom
Divre Hayamim 2,26,,Rabbi Yitzchak Etshalom
Divre Hayamim 2,27,,Rabbi Yitzchak Etshalom
Divre Hayamim 2,28,,Rabbi Yitzchak Etshalom
Divre Hayamim 2,29,,Rabbi Yitzchak Etshalom
Divre Hayamim 2,30,,Rabbi Yitzchak Etshalom
Divre Hayamim 2,31,,Rabbi Yitzchak Etshalom
Divre Hayamim 2,32,,Rabbi Yitzchak Etshalom
Divre Hayamim 2,33,,Rabbi Yitzchak Etshalom
Divre Hayamim 2,34,,Rabbi Yitzchak Etshalom
Divre Hayamim 2,35,,Rabbi Yitzchak Etshalom
Divre Hayamim 2,36,,Rabbi Yitzchak Etshalom
Tehillim,1,,Mrs. Rebecca Cohen
Tehillim,2,,Mrs. Rebecca Cohen
Tehillim,3,,Mrs. Rebecca Cohen
Tehillim,4,,Mrs. Rebecca Cohen
Tehillim,5,,Mrs. Rebecca Cohen
Tehillim,6,,Mrs. Rebecca Cohen
Tehillim,7,,Mrs. Rebecca Cohen
Tehillim,8,,Mrs. Rebecca Cohen
Tehillim,9,,Mrs. Rebecca Cohen
Tehillim,10,,Mrs. Rebecca Cohen
Tehillim,11,,Mrs. Rebecca Cohen
Tehillim,12,,Mrs. Rebecca Cohen
Tehillim,13,,Mrs. Rebecca Cohen
Tehillim,14,,Mrs. Rebecca Cohen
Tehillim,15,,Mrs. Rebecca Cohen
Tehillim,16,,Mrs. Rebecca Cohen
Tehillim,17,,Mrs. Rebecca Cohen
Tehillim,18,,Mrs. Rebecca Cohen
Tehillim,19,,Mrs. Rebecca Cohen
Tehillim,20,,Mrs. Rebecca Cohen
Tehillim,21,,Mrs. Rebecca Cohen
Tehillim,22,,Mrs. Rebecca Cohen
Tehillim,23,,Mrs. Rebecca Cohen
Tehillim,24,,Mrs. Rebecca Cohen
Tehillim,25,,Mrs. Rebecca Cohen
Tehillim,26,,Mrs. Rebecca Cohen
Tehillim,27,,Mrs. Rebecca Cohen
Tehillim,28,,Mrs. Rebecca Cohen
Tehillim,29,,Mrs. Rebecca Cohen
Tehillim,30,,Mrs. Aura Sutton
Tehillim,31,,Mrs. Aura Sutton
Tehillim,32,,Mrs. Aura Sutton
Tehillim,33,,Mrs. Aura Sutton
Tehillim,34,,Mrs. Aura Sutton
Tehillim,35,,Mrs. Aura Sutton
Tehillim,36,,Mrs. Aura Sutton
Tehillim,37,,Mrs. Aura Sutton
Tehillim,38,,Mrs. Aura Sutton
Tehillim,39,,Mrs. Aura Sutton
Tehillim,40,,Rabbi Ralph Tawil
Tehillim,41,,Rabbi Ralph Tawil
Tehillim,42,,Rabbi Ralph Tawil
Tehillim,43,,Rabbi Ralph Tawil
Tehillim,44,,Rabbi Ralph Tawil
Tehillim,45,,Rabbi Ralph Tawil
Tehillim,46,,Rabbi Ralph Tawil
Tehillim,47,,Rabbi Ralph Tawil
Tehillim,48,,Rabbi Ralph Tawil
Tehillim,49,,Rabbi Ralph Tawil
Tehillim,50,,Rabbi Ralph Tawil
Tehillim,51,,Rabbi Ralph Tawil
Tehillim,52,,Rabbi Ralph Tawil
Tehillim,53,,Rabbi Ralph Tawil
Tehillim,54,,Rabbi Ralph Tawil
Tehillim,55,,Rabbi Ralph Tawil
Tehillim,56,,Rabbi Ralph Tawil
Tehillim,57,,Rabbi Ralph Tawil
Tehillim,58,,Rabbi Ralph Tawil
Tehillim,59,,Rabbi Ralph Tawil
Tehillim,60,,Mr. Mickey Abraham
Tehillim,61,,Mr. Mickey Abraham
Tehillim,62,,Mr. Mickey Abraham
Tehillim,63,,Mr. Mickey Abraham
Tehillim,64,,Mr. Mickey Abraham
Tehillim,65,,Mr. Mickey Abraham
Tehillim,66,,Mr. Mickey Abraham
Tehillim,67,,Mr. Mickey Abraham
Tehillim,68,,Mr. Mickey Abraham
Tehillim,69,,Mr. Mickey Abraham
Tehillim,70,,Mr. Mickey Abraham
Tehillim,71,,Mr. Mickey Abraham
Tehillim,72,,Mr. Mickey Abraham
Tehillim,73,,Mr. Mickey Abraham
Tehillim,74,,Mr. Mickey Abraham
Tehillim,75,,Mr. Mickey Abraham
Tehillim,76,,Mr. Mickey Abraham
Tehillim,77,,Mr. Mickey Abraham
Tehillim,78,,Mr. Mickey Abraham
Tehillim,79,,Mr. Mickey Abraham
Tehillim,80,,Mr. Mickey Abraham
Tehillim,81,,Mr. Mickey Abraham
Tehillim,82,,Mr. Mickey Abraham
Tehillim,83,,Mr. Mickey Abraham
Tehillim,84,,Mr. Mickey Abraham
Tehillim,85,,Mr. Mickey Abraham
Tehillim,86,,Mr. Mickey Abraham
Tehillim,87,,Mr. Mickey Abraham
Tehillim,88,,Mr. Mickey Abraham
Tehillim,89,,Mr. Mickey Abraham
Tehillim,90,,Rabbi Ikey Tawil
Tehillim,91,,Rabbi Ikey Tawil
Tehillim,92,,Rabbi Ikey Tawil
Tehillim,93,,Rabbi Ikey Tawil
Tehillim,94,,Rabbi Ikey Tawil
Tehillim,95,,Rabbi Ikey Tawil
Tehillim,96,,Rabbi Ikey Tawil
Tehillim,97,,Rabbi Ikey Tawil
Tehillim,98,,Rabbi Ikey Tawil
Tehillim,99,,Rabbi Ikey Tawil
Tehillim,100,,Rabbi Ikey Tawil
Tehillim,101,,Rabbi Ikey Tawil
Tehillim,102,,Rabbi Ikey Tawil
Tehillim,103,,Rabbi Ikey Tawil
Tehillim,104,,Rabbi Ikey Tawil
Tehillim,105,,Rabbi Ikey Tawil
Tehillim,106,,Rabbi Ikey Tawil
Tehillim,107,,Rabbi Ikey Tawil
Tehillim,108,,Rabbi Ikey Tawil
Tehillim,109,,Rabbi Ikey Tawil
Tehillim,110,,Rabbi Ikey Tawil
Tehillim,111,,Rabbi Ikey Tawil
Tehillim,112,,Rabbi Ikey Tawil
Tehillim,113,,Rabbi Ikey Tawil
Tehillim,114,,Rabbi Ikey Tawil
Tehillim,115,,Rabbi Ikey Tawil
Tehillim,116,,Rabbi Ikey Tawil
Tehillim,117,,Rabbi Ikey Tawil
Tehillim,118,,Rabbi Ikey Tawil
Tehillim,119,,Rabbi David Tawil
Tehillim,120,,Rabbi David Tawil
Tehillim,121,,Rabbi David Tawil
Tehillim,122,,Rabbi David Tawil
Tehillim,123,,Rabbi David Tawil
Tehillim,124,,Rabbi David Tawil
Tehillim,125,,Rabbi David Tawil
Tehillim,126,,Rabbi David Tawil
Tehillim,127,,Rabbi David Tawil
Tehillim,128,,Rabbi David Tawil
Tehillim,129,,Rabbi David Tawil
Tehillim,130,,Rabbi David Tawil
Tehillim,131,,Rabbi David Tawil
Tehillim,132,,Rabbi David Tawil
Tehillim,133,,Rabbi David Tawil
Tehillim,134,,Rabbi David Tawil
Tehillim,135,,Rabbi David Tawil
Tehillim,136,,Rabbi David Tawil
Tehillim,137,,Rabbi David Tawil
Tehillim,138,,Rabbi David Tawil
Tehillim,139,,Rabbi David Tawil
Tehillim,140,,Rabbi David Tawil
Tehillim,141,,Rabbi David Tawil
Tehillim,142,,Rabbi David Tawil
Tehillim,143,,Rabbi David Tawil
Tehillim,144,,Rabbi David Tawil
Tehillim,145,,Rabbi David Tawil
Tehillim,146,,Rabbi David Tawil
Tehillim,147,,Rabbi David Tawil
Tehillim,148,,Mr. Jesse Salem
Tehillim,149,,Mr. Michael Franco
Tehillim,150,,Rabbi David Tawil
Mishle,1,,Mrs. Shani Taragin
Mishle,2,,Mrs. Shani Taragin
Mishle,3,,Mrs. Shani Taragin
Mishle,4,,Mrs. Shani Taragin
Mishle,5,,Mrs. Shani Taragin
Mishle,6,,Mrs. Shani Taragin
Mishle,7,,Mrs. Shani Taragin
Mishle,8,,Mrs. Shani Taragin
Mishle,9,,Mrs. Shani Taragin
Mishle,10,,Mrs. Shani Taragin
Mishle,11,,Mrs. Shani Taragin
Mishle,12,,Dr. Yehudi Felman
Mishle,13,,Dr. Yehudi Felman
Mishle,14,,Dr. Yehudi Felman
Mishle,15,,Dr. Yehudi Felman
Mishle,16,,Dr. Yehudi Felman
Mishle,17,,Dr. Yehudi Felman
Mishle,18,,Dr. Yehudi Felman
Mishle,19,,Dr. Yehudi Felman
Mishle,20,,Dr. Yehudi Felman
Mishle,21,,Dr. Yehudi Felman
Mishle,22,,Dr. Yehudi Felman
Mishle,23,,Dr. Yehudi Felman
Mishle,24,,Dr. Yehudi Felman
Mishle,25,,Dr. Yehudi Felman
Mishle,26,,Dr. Yehudi Felman
Mishle,27,,Dr. Yehudi Felman
Mishle,28,,Dr. Yehudi Felman
Mishle,29,,Dr. Yehudi Felman
Mishle,30,,Dr. Yehudi Felman
Mishle,31,,Dr. Yehudi Felman
Iyov,1,,Rabbi Yitzchak Etshalom
Iyov,2,,Rabbi Yitzchak Etshalom
Iyov,3,,Rabbi Yitzchak Etshalom
Iyov,4,,Rabbi Yitzchak Etshalom
Iyov,5,,Rabbi Yitzchak Etshalom
Iyov,6,,Rabbi Yitzchak Etshalom
Iyov,7,,Rabbi Yitzchak Etshalom
Iyov,8,,Rabbi Yitzchak Etshalom
Iyov,9,,Rabbi Yitzchak Etshalom
Iyov,10,,Rabbi Yitzchak Etshalom
Iyov,11,,Rabbi Yitzchak Etshalom
Iyov,12,,Rabbi Yitzchak Etshalom
Iyov,13,,Rabbi Yitzchak Etshalom
Iyov,14,,Rabbi Yitzchak Etshalom
Iyov,15,,Rabbi Yitzchak Etshalom
Iyov,16,,Rabbi Yitzchak Etshalom
Iyov,17,,Rabbi Yitzchak Etshalom
Iyov,18,,Rabbi Yitzchak Etshalom
Iyov,19,,Rabbi Yitzchak Etshalom
Iyov,20,,Rabbi Yitzchak Etshalom
Iyov,21,,Rabbi Yitzchak Etshalom
Iyov,22,,Rabbi Yitzchak Etshalom
Iyov,23,,Rabbi Yitzchak Etshalom
Iyov,24,,Rabbi Yitzchak Etshalom
Iyov,25,,Rabbi Yitzchak Etshalom
Iyov,26,,Rabbi Yitzchak Etshalom
Iyov,27,,Rabbi Yitzchak Etshalom
Iyov,28,,Rabbi Yitzchak Etshalom
Iyov,29,,Rabbi Yitzchak Etshalom
Iyov,30,,Rabbi Yitzchak Etshalom
Iyov,31,,Rabbi Yitzchak Etshalom
Iyov,32,,Rabbi Yitzchak Etshalom
Iyov,33,,Rabbi Yitzchak Etshalom
Iyov,34,,Rabbi Yitzchak Etshalom
Iyov,35,,Rabbi Yitzchak Etshalom
Iyov,36,,Rabbi Yitzchak Etshalom
Iyov,37,,Rabbi Yitzchak Etshalom
Iyov,38,,Rabbi Yitzchak Etshalom
Iyov,39,,Rabbi Yitzchak Etshalom
Iyov,40,,Rabbi Yitzchak Etshalom
Iyov,41,,Rabbi Yitzchak Etshalom
Iyov,42,,Rabbi Yitzchak Etshalom
Shir Hashirim,Introduction,,Mr. Jesse Salem
Shir Hashirim,1,,Mr. Jesse Salem
Shir Hashirim,2,,Mr. Jesse Salem
Shir Hashirim,3,,Mr. Jesse Salem
Shir Hashirim,4,,Mr. Jesse Salem
Shir Hashirim,5,,Mr. Jesse Salem
Shir Hashirim,6,,Mr. Jesse Salem
Shir Hashirim,7,,Mr. Jesse Salem
Shir Hashirim,8,,Mr. Jesse Salem
Ruth,Introduction,,Rabbi Nathan Zaboulani
Ruth,1,,Rabbi Nathan Zaboulani
Ruth,2,,Rabbi Nathan Zaboulani
Ruth,3,,Rabbi Nathan Zaboulani
Ruth,4,,Rabbi Nathan Zaboulani
Eichah,Introduction,,Mr. David A. Cohen
Eichah,1,,Mr. David A. Cohen
Eichah,2,,Mr. David A. Cohen
Eichah,3,,Mr. David A. Cohen
Eichah,4,,Mr. David A. Cohen
Eichah,5,,Mr. David A. Cohen
Kohelet,Introduction,,Mr. David A. Cohen
Kohelet,1,,Mr. David A. Cohen
Kohelet,2,,Mr. David A. Cohen
Kohelet,3,,Mr. David A. Cohen
Kohelet,4,,Mr. David A. Cohen
Kohelet,5,,Mr. David A. Cohen
Kohelet,6,,Mr. David A. Cohen
Kohelet,7,,Mr. David A. Cohen
Kohelet,8,,Mr. David A. Cohen
Kohelet,9,,Mr. David A. Cohen
Kohelet,10,,Mr. David A. Cohen
Kohelet,11,,Mr. David A. Cohen
Kohelet,12,,Mr. David A. Cohen
Esther,1,,Rabbi Richard Tobias
Esther,2,,Rabbi Richard Tobias
Esther,3,,Rabbi Richard Tobias
Esther,4,,Rabbi Richard Tobias
Esther,5,,Rabbi Richard Tobias
Esther,6,,Rabbi Richard Tobias
Esther,7,,Rabbi Richard Tobias
Esther,8,,Rabbi Richard Tobias
Esther,9,,Rabbi Richard Tobias
Esther,10,,Rabbi Richard Tobias
Daniel,Introduction,,Mrs. Gitta Neufeld
Daniel,1,,Mrs. Gitta Neufeld
Daniel,2,,Mrs. Gitta Neufeld
Daniel,3,,Mrs. Gitta Neufeld
Daniel,4,,Mrs. Gitta Neufeld
Daniel,5,,Mrs. Gitta Neufeld
Daniel,6,,Mrs. Gitta Neufeld
Daniel,7,,Mrs. Gitta Neufeld
Daniel,8,,Mrs. Gitta Neufeld
Daniel,9,,Mrs. Gitta Neufeld
Daniel,10,,Mrs. Gitta Neufeld
Daniel,11,,Mrs. Gitta Neufeld
Daniel,12,,Mrs. Gitta Neufeld
Ezra,1,,Rabbi Avraham Benhamu
Ezra,2,,Rabbi Avraham Benhamu
Ezra,3,,Rabbi Avraham Benhamu
Ezra,4,,Rabbi Avraham Benhamu
Ezra,5,,Rabbi Avraham Benhamu
Ezra,6,,Rabbi Avraham Benhamu
Ezra,7,,Rabbi Avraham Benhamu
Ezra,8,,Rabbi Avraham Benhamu
Ezra,9,,Rabbi Avraham Benhamu
Ezra,10,,Rabbi Avraham Benhamu
Nehemya,1,,Mr. Josh Setton
Nehemya,2,,Mr. Josh Setton
Nehemya,3,,Mr. Josh Setton
Nehemya,4,,Mr. Josh Setton
Nehemya,5,,Mr. Josh Setton
Nehemya,6,,Mr. Josh Setton
Nehemya,7,,Mr. Josh Setton
Nehemya,8,,Mr. Josh Setton
Nehemya,9,,Mr. Josh Setton
Nehemya,10,,Mr. Josh Setton
Nehemya,11,,Mr. Josh Setton
Nehemya,12,,Mr. Josh Setton
Nehemya,13,,Mr. Josh Setton
Bereshit,bereshit,,Rabbi Alex Israel
Bereshit,noah,,Rabbi Alex Israel
Bereshit,lech-lecha,,Rabbi Alex Israel
Bereshit,vayera,,Rabbi Alex Israel
Bereshit,haye-sarah,,Rabbi Alex Israel
Bereshit,toledot,,Rabbi Gad Dishi
Bereshit,vayetze,,Rabbi Gad Dishi
Bereshit,vayishlah,,Rabbi Gad Dishi
Bereshit,vayeshev,,Dr. Avigail Rock
Bereshit,miketz,,Dr. Avigail Rock
Bereshit,vayigash,,Dr. Avigail Rock
Bereshit,vayhi,,Dr. Avigail Rock
Shemot,shemot,,Dr. Yael Ziegler
Shemot,vaera,,Dr. Yael Ziegler
Shemot,bo,,Dr. Yael Ziegler
Shemot,beshalah,,Dr. Yael Ziegler
Shemot,yitro,,Rabbi Yitzchak Etshalom
Shemot,mishpatim,,Rabbi Yitzchak Etshalom
Shemot,teruma,,Rabbi Yitzchak Etshalom
Shemot,tetzave,,Rabbi Yitzchak Etshalom
Shemot,ki-tisa,,Rabbi Yitzchak Etshalom
Shemot,vayakhel,,Rabbi Yitzchak Etshalom
Shemot,pekude,,Rabbi Yitzchak Etshalom
Vayikra,vayikra,,Mrs. Shani Taragin
Vayikra,tzav,,Mrs. Shani Taragin
Vayikra,shemini,,Mrs. Shani Taragin
Vayikra,tazria,,Mrs. Shani Taragin
Vayikra,metzora,,Mrs. Shani Taragin
Vayikra,aharei-mot,,Mrs. Shani Taragin
Vayikra,kedoshim,,Mrs. Shani Taragin
Vayikra,emor,,Mrs. Shani Taragin
Vayikra,behar,,Mrs. Shani Taragin
Vayikra,behukotai,,Mrs. Shani Taragin
Bemidbar,bemidbar,,Rabbi Jonathan Snowbell
Bemidbar,naso,,Rabbi Jonathan Snowbell
Bemidbar,behaalotecha,,Rabbi Jonathan Snowbell
Bemidbar,shelah,,Rabbi Jonathan Snowbell
Bemidbar,korah,,Rabbi Jonathan Snowbell
Bemidbar,hukat,,Mrs. Yosefa Wruble
Bemidbar,balak,,Mrs. Yosefa Wruble
Bemidbar,pinehas,,Mrs. Yosefa Wruble
Bemidbar,matot,,Mrs. Yosefa Wruble
Bemidbar,masei,,Mrs. Yosefa Wruble
Devarim,devarim,,Rabbi Menachem Leibtag
Devarim,vaethanan,,Rabbi Menachem Leibtag
Devarim,ekev,,Rabbi Menachem Leibtag
Devarim,re'e,,Rabbi Menachem Leibtag
Devarim,shofetim,,Rabbi Menachem Leibtag
Devarim,ki-tetze,,Rabbi Menachem Leibtag
Devarim,ki-tavo,,Rabbi Menachem Leibtag
Devarim,nitzavim,,Rabbi Menachem Leibtag
Devarim,vayelech,,Rabbi Menachem Leibtag
Devarim,haazinu,,Rabbi Menachem Leibtag
Devarim,vezot-haberacha,,Rabbi Menachem Leibtag
